序号,案件组ID,文书唯一ID,省份,城市,区县,发布机关,稽查机构,当事人名称,统一社会信用代码,法定代表人,文书类型,决定书文号,关联处理决定书文号,关联处罚决定书文号,主要违法事实,涉及税种,追缴税款金额,滞纳金金额,罚款金额,没收违法所得金额,处理或处罚结果,决定书作出日期,官方发布日期,第三方收录日期,首次发现日期,最后核验日期,公开完整度,来源级别,核验状态,官方原文链接,附件链接,备用来源链接,页面标题,页面当前状态,备注
114,CASE-aaf4fb329bee0ac0,DOC-3d039b043ff184e8,云南省,西双版纳傣族自治州,,国家税务总局西双版纳傣族自治州税务局第一稽查局,国家税务总局西双版纳傣族自治州税务局第一稽查局,景洪市瑞运机动车经营部,92532801MADNRB5HX4,,税务处理决定书,西税稽处〔2026〕38号,西税稽处〔2026〕38号,,,,,,,,,,2026-08-20,,2026-08-24,2026-08-26,仅公告送达/仅文号线索,税务机关官网,已核验,https://yunnan.chinatax.gov.cn/art/2026/8/20/art_3978_90762.html,https://yunnan.chinatax.gov.cn/module/download/downfile.jsp?classid=0&filename=a538ce1b763e4efdb3d2805259db0981.pdf,,国家税务总局云南省税务局 通知公告 国家税务总局西双版纳傣族自治州税务局稽查局税务文书送达公告西税稽公告〔2026〕25号,附件正常,Excel 与 CSV 历史数据已合并核对。
80,CASE-d03b3cbfab39c94a,DOC-c210fa50838d9e92,广西壮族自治区,崇左市,,国家税务总局崇左市税务局,国家税务总局崇左市税务局稽查局,广西崇左宜瑞达物资有限公司,91451402MAEN47CA2R,,税务处理决定书,崇市税稽处〔2026〕9号,崇市税稽处〔2026〕9号,崇市税稽罚〔2026〕4号,,,,,,,,,2026-08-19,,2026-08-20,2026-08-26,仅公告送达/仅文号线索,税务机关官网,已核验,https://guangxi.chinatax.gov.cn/chongzuo/xxgk_15621/swjcgg/202608/t20260820_438837.html,https://guangxi.chinatax.gov.cn/chongzuo/xxgk_15621/swjcgg/202608/P020260820361240756171.DOC,,国家税务总局崇左市税务局稽查局税务文书送达公告_国家税务总局崇左市税务局,附件正常,Excel 与 CSV 历史数据已合并核对。
81,CASE-d03b3cbfab39c94a,DOC-13a37f5d738a78be,广西壮族自治区,崇左市,,国家税务总局崇左市税务局,国家税务总局崇左市税务局稽查局,广西崇左宜瑞达物资有限公司,91451402MAEN47CA2R,,税务行政处罚决定书,崇市税稽罚〔2026〕4号,崇市税稽处〔2026〕9号,崇市税稽罚〔2026〕4号,,,,,,,,,2026-08-19,,2026-08-20,2026-08-26,仅公告送达/仅文号线索,税务机关官网,已核验,https://guangxi.chinatax.gov.cn/chongzuo/xxgk_15621/swjcgg/202608/t20260820_438837.html,https://guangxi.chinatax.gov.cn/chongzuo/xxgk_15621/swjcgg/202608/P020260820361240805029.doc,,国家税务总局崇左市税务局稽查局税务文书送达公告_国家税务总局崇左市税务局,附件正常,Excel 与 CSV 历史数据已合并核对。
82,CASE-55a12c21d9caca5d,DOC-a28cbf7b25b44cf0,广西壮族自治区,河池市,,国家税务总局河池市税务局第二稽查局,国家税务总局河池市税务局第二稽查局,广西枧闫建材有限公司,91451221MAK71GJL1B,,税务处理决定书,河市税二稽处〔2026〕15号,河市税二稽处〔2026〕15号,河市税二稽罚〔2026〕8号,,,,,,,,,2026-08-19,,2026-08-20,2026-08-26,仅公告送达/仅文号线索,税务机关官网,已核验,https://guangxi.chinatax.gov.cn/hechi/tzgg_15562/tzgg_15563/202608/t20260819_438798.html,https://guangxi.chinatax.gov.cn/hechi/tzgg_15562/tzgg_15563/202608/P020260819387097637755.doc,,国家税务总局河池市税务局第二稽查局税务文书送达公告(河市税二稽公告〔2026〕41号)_国家税务总局河池市税务局,附件正常,Excel 与 CSV 历史数据已合并核对。
83,CASE-55a12c21d9caca5d,DOC-2490775af8d77f70,广西壮族自治区,河池市,,国家税务总局河池市税务局第二稽查局,国家税务总局河池市税务局第二稽查局,广西枧闫建材有限公司,91451221MAK71GJL1B,,税务行政处罚决定书,河市税二稽罚〔2026〕8号,河市税二稽处〔2026〕15号,河市税二稽罚〔2026〕8号,,,,,,,,,2026-08-19,,2026-08-20,2026-08-26,仅公告送达/仅文号线索,税务机关官网,已核验,https://guangxi.chinatax.gov.cn/hechi/tzgg_15562/tzgg_15563/202608/t20260819_438798.html,https://guangxi.chinatax.gov.cn/hechi/tzgg_15562/tzgg_15563/202608/P020260819387097669062.doc,,国家税务总局河池市税务局第二稽查局税务文书送达公告(河市税二稽公告〔2026〕41号)_国家税务总局河池市税务局,附件正常,Excel 与 CSV 历史数据已合并核对。
74,CASE-7a79d43928651c18,DOC-8109412153b5e636,贵州省,贵阳市,云岩区,国家税务总局贵阳市税务局第一稽查局,国家税务总局贵阳市税务局第一稽查局,马岚,,,税务处理决定书,筑税一稽处〔2026〕25号,筑税一稽处〔2026〕25号,,,个人所得税,27465.72,,,,,,2026-08-19,,2026-08-20,2026-08-26,完整文书,税务机关官网,已核验,https://guizhou.chinatax.gov.cn/sjpd/gys/tzgg_59631/202608/t20260819_90745872.html,,,国家税务总局贵阳市税务局第一稽查局《税务处理决定书》送达公告,正常,Excel 与 CSV 历史数据已合并核对。
87,CASE-d59330905cbca7fa,DOC-8ccaad40891a4710,辽宁省,大连市,,国家税务总局大连市税务局第一稽查局,国家税务总局大连市税务局第一稽查局,大连启林能源有限公司,91210244MA0Y78KL7X,,税务处理决定书,大税一稽处〔2026〕58号,大税一稽处〔2026〕58号,大税一稽罚〔2026〕24号,,,,,,,,,2026-08-19,,2026-08-20,2026-08-26,仅公告送达/仅文号线索,税务机关官网,已核验,http://dalian.chinatax.gov.cn/art/2026/8/19/art_1715_707491.html,,,国家税务总局大连市税务局 通知公告 国家税务总局大连市税务局第一稽查局税务文书送达公告(2026年第49号),正常,Excel 与 CSV 历史数据已合并核对。
116,CASE-d59330905cbca7fa,DOC-17f65fd48e1ea1be,辽宁省,大连市,,国家税务总局大连市税务局第一稽查局,国家税务总局大连市税务局第一稽查局,大连启林能源有限公司,91210244MA0Y78KL7X,,税务行政处罚决定书,大税一稽罚〔2026〕24号,大税一稽处〔2026〕58号,大税一稽罚〔2026〕24号,,,,,,,,,2026-08-19,,2026-08-24,2026-08-26,仅公告送达/仅文号线索,税务机关官网,已核验,http://dalian.chinatax.gov.cn/art/2026/8/19/art_1715_707491.html,,,国家税务总局大连市税务局 通知公告 国家税务总局大连市税务局第一稽查局税务文书送达公告(2026年第49号),正常,Excel 与 CSV 历史数据已合并核对。
88,CASE-531155831112a331,DOC-dc3d41a23eef7bd4,辽宁省,大连市,,国家税务总局大连市税务局第一稽查局,国家税务总局大连市税务局第一稽查局,普兰店区正初物流货运服务中心,92210282MABMFY6L19,,税务处理决定书,大税一稽处〔2026〕59号,大税一稽处〔2026〕59号,大税一稽罚〔2026〕25号,,,,,,,,,2026-08-19,,2026-08-20,2026-08-26,仅公告送达/仅文号线索,税务机关官网,已核验,http://dalian.chinatax.gov.cn/art/2026/8/19/art_1715_707494.html,,,国家税务总局大连市税务局 通知公告 国家税务总局大连市税务局第一稽查局税务文书送达公告(2026年第50号),正常,Excel 与 CSV 历史数据已合并核对。
117,CASE-531155831112a331,DOC-5328660accad1cea,辽宁省,大连市,,国家税务总局大连市税务局第一稽查局,国家税务总局大连市税务局第一稽查局,普兰店区正初物流货运服务中心,92210282MABMFY6L19,,税务行政处罚决定书,大税一稽罚〔2026〕25号,大税一稽处〔2026〕59号,大税一稽罚〔2026〕25号,,,,,,,,,2026-08-19,,2026-08-24,2026-08-26,仅公告送达/仅文号线索,税务机关官网,已核验,http://dalian.chinatax.gov.cn/art/2026/8/19/art_1715_707494.html,,,国家税务总局大连市税务局 通知公告 国家税务总局大连市税务局第一稽查局税务文书送达公告(2026年第50号),正常,Excel 与 CSV 历史数据已合并核对。
79,CASE-c69d1bcd25ca950c,DOC-867709a55be5ef94,福建省,福州市,,国家税务总局福州市税务局第一稽查局,国家税务总局福州市税务局第一稽查局,福州信源行贸易有限责任公司,91350104MA8TLQ3Q5L,,税务处理决定书,榕税一稽处〔2026〕184号,榕税一稽处〔2026〕184号,,,,,,,,,,2026-08-18,,2026-08-20,2026-08-26,仅公告送达/仅文号线索,税务机关官网,已核验,https://fujian.chinatax.gov.cn/fzsswj/xxgk/gsgg/qtl/202608/t20260818_644549.htm,,,"关于送达福州信源行贸易有限责任公司《税务处理决定书》的公告 _
 其他类 _
 国家税务总局福州市税务局",正常,Excel 与 CSV 历史数据已合并核对。
75,CASE-bb526360515ca537,DOC-88d02ecc99e266c8,福建省,福州市,,国家税务总局福州市税务局第一稽查局,国家税务总局福州市税务局第一稽查局,福州元领文化传媒有限公司,91350102MA8U5TKF56,,税务处理决定书,榕税一稽处〔2026〕187号,榕税一稽处〔2026〕187号,榕税一稽罚〔2026〕44号,,,,,,,,,2026-08-17,,2026-08-20,2026-08-26,仅公告送达/仅文号线索,税务机关官网,已核验,https://fujian.chinatax.gov.cn/fzsswj/xxgk/gsgg/qtl/202608/t20260817_644360.htm,,,"关于送达福州元领文化传媒有限公司《税务处理决定书》的公告 _
 其他类 _
 国家税务总局福州市税务局",正常,Excel 与 CSV 历史数据已合并核对。
76,CASE-bb526360515ca537,DOC-2819ad1e60ef897d,福建省,福州市,,国家税务总局福州市税务局第一稽查局,国家税务总局福州市税务局第一稽查局,福州元领文化传媒有限公司,91350102MA8U5TKF56,,税务行政处罚决定书,榕税一稽罚〔2026〕44号,榕税一稽处〔2026〕187号,榕税一稽罚〔2026〕44号,,,,,,,,,2026-08-17,,2026-08-20,2026-08-26,仅公告送达/仅文号线索,税务机关官网,已核验,https://fujian.chinatax.gov.cn/fzsswj/xxgk/gsgg/qtl/202608/t20260817_644361.htm,,,"关于送达福州元领文化传媒有限公司《税务行政处罚决定书》的公告 _
 其他类 _
 国家税务总局福州市税务局",正常,Excel 与 CSV 历史数据已合并核对。
108,CASE-79c11143824d1818,DOC-1737d45ea3f33242,福建省,福州市,,国家税务总局福州市税务局,国家税务总局福州市税务局稽查局,福州濠鸿泰贸易有限公司,,,税务处理决定书,榕税稽处〔2025〕233号,榕税稽处〔2025〕233号,榕税稽罚〔2026〕30号,,,,,,,,,2026-08-17,,2026-08-20,2026-08-26,仅公告送达/仅文号线索,税务机关官网,已核验,https://fujian.chinatax.gov.cn/fzsswj/xxgk/gsgg/qtl/202608/t20260817_644451.htm,,,"关于送达福州濠鸿泰贸易有限公司《税务处理决定书》和《税务行政处罚决定书》的公告 _
 其他类 _
 国家税务总局福州市税务局",正常,Excel 与 CSV 历史数据已合并核对。
77,CASE-79c11143824d1818,DOC-caa6b07410b6e8da,福建省,福州市,,国家税务总局福州市税务局,国家税务总局福州市税务局稽查局,福州濠鸿泰贸易有限公司,,,税务行政处罚决定书,榕税稽罚〔2026〕30号,榕税稽处〔2025〕233号,榕税稽罚〔2026〕30号,,,,,,,,,2026-08-17,,2026-08-20,2026-08-26,仅公告送达/仅文号线索,税务机关官网,已核验,https://fujian.chinatax.gov.cn/fzsswj/xxgk/gsgg/qtl/202608/t20260817_644451.htm,,,"关于送达福州濠鸿泰贸易有限公司《税务处理决定书》和《税务行政处罚决定书》的公告 _
 其他类 _
 国家税务总局福州市税务局",正常,Excel 与 CSV 历史数据已合并核对。
86,CASE-9d77cfe2fa133eb7,DOC-234605cc9dc9baee,辽宁省,大连市,,国家税务总局大连市税务局第一稽查局,国家税务总局大连市税务局第一稽查局,大连盛世东来商贸有限公司,91210213MA0QDMBCXC,,税务处理决定书,大税一稽处〔2026〕57号,大税一稽处〔2026〕57号,,,,,,,,,,2026-08-17,,2026-08-20,2026-08-26,仅公告送达/仅文号线索,税务机关官网,已核验,http://dalian.chinatax.gov.cn/art/2026/8/17/art_1715_707327.html,,,国家税务总局大连市税务局 通知公告 国家税务总局大连市税务局第一稽查局税务文书送达公告(2026年第48号),正常,Excel 与 CSV 历史数据已合并核对。
107,CASE-ff9aad33bbff6744,DOC-b3c61dc5003c1bf9,浙江省,嘉兴市,,国家税务总局浙江省税务局,国家税务总局嘉兴市税务局稽查局,嘉兴韵声贸易有限公司,91330402MAK3DNUU6H,,税务行政处罚决定书,嘉税稽罚〔2026〕72号,,嘉税稽罚〔2026〕72号,,,,,,,,,2026-08-14,,2026-08-20,2026-08-26,仅公告送达/仅文号线索,税务机关官网,已核验,https://zhejiang.chinatax.gov.cn/art/2026/8/14/art_8938_658735.html,https://zhejiang.chinatax.gov.cn/module/download/downfile.jsp?classid=0&filename=0ecf6cbefddb42cfaa70d1c5817db6df.doc,,国家税务总局浙江省税务局 通知公告 国家税务总局嘉兴市税务局稽查局关于送达《税务行政处罚决定书》(嘉税稽罚〔2026〕72号)的公告嘉税稽公告〔2026〕 117号,附件正常,Excel 与 CSV 历史数据已合并核对。
57,CASE-1087c9134b2e2b74,DOC-89ebb1d58a21fdf2,江苏省,无锡市,,国家税务总局江苏省税务局,国家税务总局无锡市税务局稽查局,无锡奋西利科技有限公司,91320205MAK1LYB36M,,税务处理决定书,锡税稽处〔2026〕88号,锡税稽处〔2026〕88号,,,,,,,,,,2026-08-13,,2026-08-15,2026-08-26,仅公告送达/仅文号线索,税务机关官网,已核验,https://jiangsu.chinatax.gov.cn/art/2026/8/13/art_9193_1772056.html,,,国家税务总局江苏省税务局网站 通知公告 国家税务总局无锡市税务局稽查局关于送达税务处理决定书的公告(无锡奋西利科技有限公司、无锡强强运输有限公司、无锡市一川钢业有限公司),正常,Excel 与 CSV 历史数据已合并核对。
59,CASE-9a84367273d6d505,DOC-5bc1377fbd1c9713,江苏省,无锡市,,国家税务总局江苏省税务局,国家税务总局无锡市税务局稽查局,无锡市一川钢业有限公司,,,税务处理决定书,锡税稽处〔2026〕92号,锡税稽处〔2026〕92号,,,,,,,,,,2026-08-13,,2026-08-15,2026-08-26,仅公告送达/仅文号线索,税务机关官网,已核验,https://jiangsu.chinatax.gov.cn/art/2026/8/13/art_9193_1772056.html,,,国家税务总局江苏省税务局网站 通知公告 国家税务总局无锡市税务局稽查局关于送达税务处理决定书的公告(无锡奋西利科技有限公司、无锡强强运输有限公司、无锡市一川钢业有限公司),正常,Excel 与 CSV 历史数据已合并核对。
58,CASE-fc04c1febc98ecaa,DOC-7ad660238df76abf,江苏省,无锡市,,国家税务总局江苏省税务局,国家税务总局无锡市税务局稽查局,无锡强强运输有限公司,91320206089317767Y,,税务处理决定书,锡税稽处〔2026〕89号,锡税稽处〔2026〕89号,,,,,,,,,,2026-08-13,,2026-08-15,2026-08-26,仅公告送达/仅文号线索,税务机关官网,已核验,https://jiangsu.chinatax.gov.cn/art/2026/8/13/art_9193_1772056.html,,,国家税务总局江苏省税务局网站 通知公告 国家税务总局无锡市税务局稽查局关于送达税务处理决定书的公告(无锡奋西利科技有限公司、无锡强强运输有限公司、无锡市一川钢业有限公司),正常,Excel 与 CSV 历史数据已合并核对。
64,CASE-0c69c8123cbaac4c,DOC-724d66baeeb04b82,浙江省,湖州市,,国家税务总局湖州市税务局第一稽查局,国家税务总局湖州市税务局第一稽查局,德清县碳循汽车销售有限公司,91330521MAK5TYR781,,税务处理决定书,湖税一稽处〔2026〕46号,湖税一稽处〔2026〕46号,湖税一稽罚〔2026〕41号,,,,,,,,,2026-08-12,,2026-08-15,2026-08-26,仅公告送达/仅文号线索,税务机关官网,已核验,https://zhejiang.chinatax.gov.cn/art/2026/8/12/art_17823_658580.html,https://zhejiang.chinatax.gov.cn/module/download/downfile.jsp?classid=0&filename=86085ec119fc4d58a9968b3d3f2dfa89.docx,,国家税务总局浙江省税务局 通知公告 关于送达德清县碳循汽车销售有限公司税务处理决定书与税务行政处罚决定书的公告,附件正常,Excel 与 CSV 历史数据已合并核对。
65,CASE-0c69c8123cbaac4c,DOC-d6523554b5d9ed62,浙江省,湖州市,,国家税务总局湖州市税务局第一稽查局,国家税务总局湖州市税务局第一稽查局,德清县碳循汽车销售有限公司,91330521MAK5TYR781,,税务行政处罚决定书,湖税一稽罚〔2026〕41号,湖税一稽处〔2026〕46号,湖税一稽罚〔2026〕41号,,,,,,,,,2026-08-12,,2026-08-15,2026-08-26,仅公告送达/仅文号线索,税务机关官网,已核验,https://zhejiang.chinatax.gov.cn/art/2026/8/12/art_17823_658580.html,https://zhejiang.chinatax.gov.cn/module/download/downfile.jsp?classid=0&filename=d7e63a8854ac45b890247c6670a92a05.docx,,国家税务总局浙江省税务局 通知公告 关于送达德清县碳循汽车销售有限公司税务处理决定书与税务行政处罚决定书的公告,附件正常,Excel 与 CSV 历史数据已合并核对。
78,CASE-a807cfa95fba5759,DOC-78a6bb86b93e9601,福建省,三明市,将乐县,国家税务总局三明市税务局,国家税务总局三明市税务局稽查局,王会兰,,,税务处理决定书,明税稽处〔2026〕3号,明税稽处〔2026〕3号,,"经查,2022年8月你从三明S合伙企业(有限合伙)(以下简称:S合伙企业)购进三明Y合伙企业(有限合伙)(以下简称:Y合伙企业)99.9%的合伙企业份额。 你在合伙企业份额转让过程中通过虚增成本费用,逃避税务机关检查,股权转让收入17450万元,股权转让成本99.9万元,造成少缴纳财产转让个人所得税(174500000-999000)×0.2=34700200元。 ”之规定,对你上述少缴的个人所得税从滞纳之日起至实际缴纳之日止按日加收万分之五的滞纳金。 (三)根据《中华人民共和国税收征收管理法》(2015年4月24日主席令第二十三号修改)第六十三条第一款“纳税人伪造、变造、隐匿、擅自销毁账簿、记账凭证,或者在账簿上多列支出或者不列、少列收入,或者经税务机关通知申报而拒不申报或者进行虚假的纳税申报,不缴或者少缴应纳税款的,是偷税。 对纳税人偷税的,由税务机关追缴其不缴或者少缴的税款、滞纳金,并处不缴或者少缴的税款百分之五十以上五倍以下的罚款; ”之规定,对你多列支出,造成少缴个人所得税34700200元,认定为偷税。",个人所得税,34700200,,,,"我局于2026年7月8日对你作出《税务处理决定书》(明税稽处〔2026〕3号),因无法与你取得联系,无法采用其他送达方式送达税务文书,根据《中华人民共和国税收征收管理法实施细则》第一百零六条规定,将该文书予以公告送达,自公告之日起满30日即视为送达。",,2026-08-12,,2026-08-20,2026-08-26,完整文书,税务机关官网,已核验,https://fujian.chinatax.gov.cn/smsswj/xxgk/sjxxgk/qtgg/202608/t20260812_644035.htm,,,"关于送达王会兰《税务处理决定书》的公告 _
 其他公告 _
 国家税务总局三明市税务局",正常,Excel 与 CSV 历史数据已合并核对。
49,CASE-b9ed0867805f7c84,DOC-71ab3006f89f7e0d,广西壮族自治区,南宁市,,国家税务总局南宁市税务局第三稽查局,国家税务总局南宁市税务局第三稽查局,南宁义战商贸有限公司,91450108MA5KA24XX9,,税务处理决定书,南市税三稽处〔2026〕22号,南市税三稽处〔2026〕22号,,,,,,,,,,2026-08-11,,2026-08-12,2026-08-26,仅公告送达/仅文号线索,税务机关官网,已核验,https://guangxi.chinatax.gov.cn/nanning/xxgk/swjcgg/202608/t20260811_438258.html,https://guangxi.chinatax.gov.cn/nanning/xxgk/swjcgg/202608/P020260811386330634678.doc,,国家税务总局南宁市税务局第三稽查局 税务文书送达公告_国家税务总局南宁市税务局,附件正常,"Excel 与 CSV 历史数据已合并核对。 字段“当事人名称”存在冲突:保留原值“南宁义战商贸有限公司”,新值“南市税稽不罚〔〕号”未静默覆盖。"
50,CASE-d22866aa4c4ada35,DOC-71e977431ec712e6,广西壮族自治区,南宁市,,国家税务总局南宁市税务局第三稽查局,国家税务总局南宁市税务局第三稽查局,横州市润德木业有限公司,91450181MACQW4NT1E,,税务处理决定书,南市税三稽处〔2026〕21号,南市税三稽处〔2026〕21号,,"我局于2024年10月25日至2026年7月13日对你公司(地址:广西横州市云表镇邓圩村委邓村31队旧瓦窑横州市福泽木业有限公司内南面)2023年1月1日至2024年9月30日期间的涉税情况进行了检查,违法事实及处理决定如下: 你公司开具给厦门企磊建筑材料有限公司、厦门翔必达建材有限公司、厦门市为企建材有限公司、厦门木南世佳建材有限公司的发票已经被国家税务总局厦门市税务局第二稽查局认定为虚开发票。 根据横州市公安局对梁继有讯问笔录,梁继有交代其为你公司的实际控制人,承认你公司成立后几乎没有接到生产订单,成立开始便以虚开发票从中抽佣来维持生计,与购买虚开发票的下游企业没有真实的货物交易。 2023年3月,梁继有从广西横县鑫源木业有限公司的法定代表人赵波处知晓虚开发票事宜,为了通过虚开发票获利,从2023年8月起,梁继有先后用其妻子雷金月,其朋友李怀坚,成立了你公司、横州市福泽木业有限公司,以其父亲梁昌艺的名义作为广西万里木业有限公司的法定代表人。 梁继有从每笔虚开发票中获利1个点的利益,并且你公司、横州市福泽木业有限公司、广西万里木业有限公司与下游企业无真实的货物交易。 根据横州市公安局对赵波讯问笔录,赵波交代梁继有曾经向其询问是否有虚开增值税发票的业务可以介绍,后续赵波向梁继有介绍代理记账公司的蒙其梅,由蒙其梅的代理记账公司为上述梁继有实际控制的三家企业代理记账。 部分虚开发票的业务是由赵波介绍中间人黄琦给梁继有,虚开流程为根据梁继有实际控制的三家公司的产能情况来确定虚开金额,黄琦把受票公司的信息提供给梁继有,然后下游公司与梁继有实际控制的三家公司走账,扣除税点后,在通过私人账户回流到黄琦指定的账户。",增值税,,,,,,2026-07-13,2026-08-11,,2026-08-12,2026-08-26,完整文书,税务机关官网,已核验,https://guangxi.chinatax.gov.cn/nanning/xxgk/swjcgg/202608/t20260811_438251.html,https://guangxi.chinatax.gov.cn/nanning/xxgk/swjcgg/202608/P020260811381785307352.docx,,国家税务总局南宁市税务局第三稽查局 税务文书送达公告_国家税务总局南宁市税务局,附件正常,Excel 与 CSV 历史数据已合并核对。
54,CASE-cd924060dd69cca1,DOC-f153bfa08993b578,广西壮族自治区,崇左市,,国家税务总局崇左市税务局第二稽查局,国家税务总局崇左市税务局第二稽查局,龙州聚鑫能源有限公司,91451423MAE03RA73D,,税务处理决定书,崇市税二稽处〔2026〕16号,崇市税二稽处〔2026〕16号,崇市税二稽罚〔2026〕7号,,,,,,,,,2026-08-11,,2026-08-15,2026-08-26,仅公告送达/仅文号线索,税务机关官网,已核验,https://guangxi.chinatax.gov.cn/chongzuo/xxgk_15621/swjcgg/202608/t20260811_438291.html,https://guangxi.chinatax.gov.cn/chongzuo/xxgk_15621/swjcgg/202608/P020260811556600400774.DOC,,国家税务总局崇左市税务局第二稽查局 税务文书送达公告_国家税务总局崇左市税务局,附件正常,Excel 与 CSV 历史数据已合并核对。
55,CASE-cd924060dd69cca1,DOC-0e7b0c13cbc44fd9,广西壮族自治区,崇左市,,国家税务总局崇左市税务局第二稽查局,国家税务总局崇左市税务局第二稽查局,龙州聚鑫能源有限公司,91451423MAE03RA73D,,税务行政处罚决定书,崇市税二稽罚〔2026〕7号,崇市税二稽处〔2026〕16号,崇市税二稽罚〔2026〕7号,,,,,,,,,2026-08-11,,2026-08-15,2026-08-26,仅公告送达/仅文号线索,税务机关官网,已核验,https://guangxi.chinatax.gov.cn/chongzuo/xxgk_15621/swjcgg/202608/t20260811_438291.html,https://guangxi.chinatax.gov.cn/chongzuo/xxgk_15621/swjcgg/202608/P020260811556600432065.doc,,国家税务总局崇左市税务局第二稽查局 税务文书送达公告_国家税务总局崇左市税务局,附件正常,Excel 与 CSV 历史数据已合并核对。
56,CASE-47a5267350adaf61,DOC-29a6a4b16cc528cf,贵州省,贵阳市,,国家税务总局贵阳市税务局第三稽查局,国家税务总局贵阳市税务局第三稽查局,观山湖区麦客餐饮店(个体工商户),,,税务行政处罚决定书,筑税三稽罚〔2026〕40号,,筑税三稽罚〔2026〕40号,,,,,,,,,2026-08-11,,2026-08-15,2026-08-26,仅公告送达/仅文号线索,税务机关官网,已核验,https://guizhou.chinatax.gov.cn/sjpd/gys/tzgg_59631/202608/t20260811_90719800.html,,,国家税务总局贵阳市税务局第三稽查局关于送达税务处理决定书、税务行政处罚决定书的公告,正常,Excel 与 CSV 历史数据已合并核对。
45,CASE-2686be64c7d7fa2b,DOC-89e2e5975f970818,广西壮族自治区,河池市,,国家税务总局河池市税务局第二稽查局,国家税务总局河池市税务局第二稽查局,广西苒炙机械设备有限公司,91451202MAK718N46N,,税务处理决定书,河市税二稽处〔2026〕12号,河市税二稽处〔2026〕12号,河市税二稽罚〔2026〕6号,"经我局于2026年3月24日至2026年5月15日对你公司(地址:河池市金城江区明月路21号幸福嘉园6栋2-108号)2026年01月26日至2026年02月28日期间涉税情况进行检查,你公司存在违法事实及处理决定如下: 你公司存续时间短,开具发票后,直接走逃失踪不进行纳税申报:通过金税三期税收管理系统、增值税发票电子底账系统、广西税务局大数据分析应用集成平台查询,你公司的“申报明细”信息数为“0”,“未申报信息”信息数为“17”,“税款入库信息”信息数为“0”,即:你公司未进行任何纳税申报,无任何税款入库信息。 综合以上调查情况,你公司无实际办公经营场所、无真实货物购进,未向税务机关报备银行存款账号,未进行纳税申报,相关工作人员均无法联系,经公告送达文书后亦无人向税务机关反馈,参照《国家税务总局关于走逃(失联)企业开具增值税专用发票认定处理有关问题的公告》(国家税务总局公告2016年第76号)、《国家税务总局关于走逃(失联)企业涉嫌虚开增值税专用发票检查问题的通知》(税总发〔2016〕172号)规定,认定你公司为走逃失联企业,且无真实办公场所,无真实经营业务。 经核查,你公司已走逃失联,经公告送达文书后亦无公司相关人员联系配合调查,注册地址无实际经营场所,无货物购进发票,开票后已连续多月未进行纳税申报,根据《中华人民共和国发票管理办法》(财政部令第6号发布,国务院令第764号修订)第二十一条第二款第(一)项、《中华人民共和国发票管理办法实施细则》(国家税务总局令第56号)第二十九条第(一)项、参照《国家税务总局关于走逃(失联)企业涉嫌虚开增值税专用发票检查问题的通知》(税总发〔2016〕172号)规定,认定你公司开具的上述53份增值税电子普通发票为虚开。",增值税,,,,,,2026-05-15,2026-08-07,,2026-08-08,2026-08-26,完整文书,税务机关官网,已核验,https://guangxi.chinatax.gov.cn/hechi/tzgg_15562/tzgg_15563/202608/t20260807_438093.html,https://guangxi.chinatax.gov.cn/hechi/tzgg_15562/tzgg_15563/202608/P020260807558407032691.docx,,国家税务总局河池市税务局第二稽查局税务文书送达公告(河市税二稽公告〔2026〕39号)_国家税务总局河池市税务局,附件正常,"Excel 与 CSV 历史数据已合并核对。 字段“主要违法事实”历史冲突已由官方附件复核,保留当前值。 当事人名称经官方原文复核,由“同时,该地址也是广西槟咪科技有限公司”更正为“广西苒炙机械设备有限公司”。 字段“处理或处罚结果”历史冲突已由官方附件复核,保留当前值。 处理文书中的处罚结果串值已根据官方附件清除。"
46,CASE-2686be64c7d7fa2b,DOC-d07a99fd84c8ad1e,广西壮族自治区,河池市,金城江区,国家税务总局河池市税务局第二稽查局,国家税务总局河池市税务局第二稽查局,广西苒炙机械设备有限公司,91451202MAK718N46N,,税务行政处罚决定书,河市税二稽罚〔2026〕6号,河市税二稽处〔2026〕12号,河市税二稽罚〔2026〕6号,"经我局于2026年3月24日至2026年5月15日对你公司(地址:河池市金城江区明月路21号幸福嘉园6栋2-108号)2026年01月26日至2026年02月28日期间涉税情况进行检查,你公司存在违法事实及处罚决定如下: 你公司存续时间短,开具发票后,直接走逃失踪不进行纳税申报:通过金税三期税收管理系统、增值税发票电子底账系统、广西税务局大数据分析应用集成平台查询,你公司的“申报明细”信息数为“0”,“未申报信息”信息数为“17”,“税款入库信息”信息数为“0”,即:你公司未进行任何纳税申报,无任何税款入库信息。 综合以上调查情况,你公司无实际办公经营场所、无真实货物购进,未向税务机关报备银行存款账号,未进行纳税申报,相关工作人员均无法联系,经公告送达文书后亦无人向税务机关反馈,参照《国家税务总局关于走逃(失联)企业开具增值税专用发票认定处理有关问题的公告》(国家税务总局公告2016年第76号)、《国家税务总局关于走逃(失联)企业涉嫌虚开增值税专用发票检查问题的通知》(税总发〔2016〕172号)规定,认定你公司为走逃失联企业,且无真实办公场所,无真实经营业务。 经核查,你公司已走逃失联,经公告送达文书后亦无公司相关人员联系配合调查,注册地址无实际经营场所,无货物购进发票,开票后已连续多月未进行纳税申报,根据《中华人民共和国发票管理办法》(财政部令第6号发布,国务院令第764号修订)第二十一条第二款第(一)项、《中华人民共和国发票管理办法实施细则》(国家税务总局令第56号)第二十九条第(一)项、参照《国家税务总局关于走逃(失联)企业涉嫌虚开增值税专用发票检查问题的通知》(税总发〔2016〕172号)规定,认定你公司开具的上述53份增值税电子普通发票为虚开。",增值税,,,200000,,"同时根据《中华人民共和国发票管理办法》(财政部令第6号发布,国务院令第764号修订)第三十五条第一款、参照《国家税务总局广东省税务局 国家税务总局河南省税务局 国家税务总局湖北省税务局 国家税务总局湖南省税务局 国家税务总局广西壮族自治区税务局 国家税务总局海南省税务局 国家税务总局深圳市税务局关于发布〈中南区域税务行政处罚裁量基准〉的公告》(国家税务总局广东省税务局 国家税务总局河南省税务局等税务局公告2023年第5号)附件《中南区域税务行政处罚裁量基准》第45项违法行为第3档裁量基准“虚开金额在100万元以上(不含本数)500万元以下的,没收违法所得,并处20万元以上50万元以下的罚款”之规定,你公司虚开发票行为属于第3档“严重”情形,对你公司虚开增值税电子普通发票的行为处以200,000.00元的罚款。 到期不缴纳罚款,我局可依照《中华人民共和国行政处罚法》第七十二条第一款第(一)项规定,每日按罚款数额的百分之三加处罚款。",2026-05-15,2026-08-07,,2026-08-08,2026-08-26,完整文书,税务机关官网,已核验,https://guangxi.chinatax.gov.cn/hechi/tzgg_15562/tzgg_15563/202608/t20260807_438093.html,https://guangxi.chinatax.gov.cn/hechi/tzgg_15562/tzgg_15563/202608/P020260807558407223039.docx,,国家税务总局河池市税务局第二稽查局税务文书送达公告(河市税二稽公告〔2026〕39号)_国家税务总局河池市税务局,附件正常,"Excel 与 CSV 历史数据已合并核对。 当事人名称经官方原文复核,由“同时,该地址也是广西槟咪科技有限公司”更正为“广西苒炙机械设备有限公司”。 字段“主要违法事实”已根据官方附件重新解析。 字段“处理或处罚结果”已根据官方附件重新解析。"
67,CASE-6d0be9749c7fc810,DOC-bd9ddf4cfb921064,山东省,青岛市,,国家税务总局青岛市税务局第一稽查局,国家税务总局青岛市税务局第一稽查局,山东友本石油化工有限公司,91370220MA9490X30G,,税务处理决定书,青税稽一处〔2026〕73号,青税稽一处〔2026〕73号,青税稽一罚〔2026〕65号,"我局于2026年2月5日起对你单位(中国(山东)自由贸易试验区青岛片区红石崖街道邵家社区服务中心2004-2室)2022年1月1日至2022年12月31日纳税情况进行了检查,你单位存在违法事实及处罚决定如下: (四)经查询你公司所有银行账户(青岛农村商业银行2060005104205000013320及中国农业银行账户38110101040092549)2022年交易流水,均未发现你公司与河南煜月、河南韫玉有资金往来。 2022年12月13日开具给河南煜月、河南韫玉32份增值税专用发票,金额合计2680368.24元,系为他人开具与实际经营业务情况不符的发票,属于虚开发票行为。 根据《中华人民共和国发票管理办法》(国函〔1993〕174号,2019年3月2日《国务院关于修改部分行政法规的决定》(中华人民共和国国务院令第709号)第二次修改)第三十七条第一款“违反本办法的规定虚开发票的,由税务机关没收违法所得; 虚开金额在1万元以下的,可以并处5万元以下的罚款; 虚开金额超过1万元的,并处5万元以上50万元以下的罚款; 构成犯罪的,依法追究刑事责任”、参照《国家税务总局关于发布<税务行政处罚裁量权行使规则>的公告》(国家税务总局公告2016年第78号)的规定,对你公司虚开发票行为处以罚款140000.00元。 我局于2026年2月5日起对你单位(中国(山东)自由贸易试验区青岛片区红石崖街道邵家社区服务中心2004-2室)2022年1月1日至2022年12月31日纳税情况进行了检查,违法事实及处理决定如下: (四)经查询你公司所有银行账户(青岛农村商业银行2060005104205000013320及中国农业银行账户38110101040092549)2022年交易流水,均未发现你公司与河南煜月、河南韫玉有资金往来。",增值税,,,,,,,2026-08-06,,2026-08-16,2026-08-26,完整文书,税务机关官网,已核验,https://qingdao.chinatax.gov.cn/bsfw2019/ssgg/sdgg/dyjcj/202608/t20260806_106922.html,,,国家税务总局青岛市税务局第一稽查局送达公告2026年336号,正常,Excel 与 CSV 历史数据已合并核对。 处理文书中的处罚结果串值已根据官方附件清除。
66,CASE-6d0be9749c7fc810,DOC-be7dc34c9fbde0ee,山东省,青岛市,,国家税务总局青岛市税务局第一稽查局,国家税务总局青岛市税务局第一稽查局,山东友本石油化工有限公司,91370220MA9490X30G,,税务行政处罚决定书,青税稽一罚〔2026〕65号,青税稽一处〔2026〕73号,青税稽一罚〔2026〕65号,"我局于2026年2月5日起对你单位(中国(山东)自由贸易试验区青岛片区红石崖街道邵家社区服务中心2004-2室)2022年1月1日至2022年12月31日纳税情况进行了检查,你单位存在违法事实及处罚决定如下: (四)经查询你公司所有银行账户(青岛农村商业银行2060005104205000013320及中国农业银行账户38110101040092549)2022年交易流水,均未发现你公司与河南煜月、河南韫玉有资金往来。 2022年12月13日开具给河南煜月、河南韫玉32份增值税专用发票,金额合计2680368.24元,系为他人开具与实际经营业务情况不符的发票,属于虚开发票行为。 根据《中华人民共和国发票管理办法》(国函〔1993〕174号,2019年3月2日《国务院关于修改部分行政法规的决定》(中华人民共和国国务院令第709号)第二次修改)第三十七条第一款“违反本办法的规定虚开发票的,由税务机关没收违法所得; 虚开金额在1万元以下的,可以并处5万元以下的罚款; 虚开金额超过1万元的,并处5万元以上50万元以下的罚款; 构成犯罪的,依法追究刑事责任”、参照《国家税务总局关于发布<税务行政处罚裁量权行使规则>的公告》(国家税务总局公告2016年第78号)的规定,对你公司虚开发票行为处以罚款140000.00元。 我局于2026年2月5日起对你单位(中国(山东)自由贸易试验区青岛片区红石崖街道邵家社区服务中心2004-2室)2022年1月1日至2022年12月31日纳税情况进行了检查,违法事实及处理决定如下: (四)经查询你公司所有银行账户(青岛农村商业银行2060005104205000013320及中国农业银行账户38110101040092549)2022年交易流水,均未发现你公司与河南煜月、河南韫玉有资金往来。",增值税,,,140000,,"根据《中华人民共和国税收征收管理法实施细则》第一百零六条第(二)款之规定,因采用其他方式无法向你单位送达税务文书,我局决定对《税务行政处罚决定书》(青税稽一罚〔2026〕65号)、《税务处理决定书》(青税稽一处〔2026〕73号)予以公告送达。 根据《中华人民共和国发票管理办法》(国函〔1993〕174号,2019年3月2日《国务院关于修改部分行政法规的决定》(中华人民共和国国务院令第709号)第二次修改)第三十七条第一款“违反本办法的规定虚开发票的,由税务机关没收违法所得; 构成犯罪的,依法追究刑事责任”、参照《国家税务总局关于发布<税务行政处罚裁量权行使规则>的公告》(国家税务总局公告2016年第78号)的规定,对你公司虚开发票行为处以罚款140000.00元。 ”、《中华人民共和国税收征收管理法实施细则》第九十六条“纳税人、扣缴义务人有下列情形之一的,依照税收征管法第七十条的规定处罚,(一)提供虚假材料,不如实反映情况,或者拒绝提供有关资料的”的规定,你单位经责令限期改正,至检查结束,拒不提供有关纳税资料,对你公司处以罚款20000.00元。 到期不缴纳罚款,我局可依照《中华人民共和国行政处罚法》第七十二条第一款第(一)项规定,每日按罚款数额的百分之三加处罚款。",,2026-08-06,,2026-08-16,2026-08-26,完整文书,税务机关官网,已核验,https://qingdao.chinatax.gov.cn/bsfw2019/ssgg/sdgg/dyjcj/202608/t20260806_106922.html,,,国家税务总局青岛市税务局第一稽查局送达公告2026年336号,正常,Excel 与 CSV 历史数据已合并核对。
110,CASE-71f7689e72f5568c,DOC-be4189ef7b457cde,山东省,青岛市,,国家税务总局青岛市税务局第一稽查局,国家税务总局青岛市税务局第一稽查局,山东骏伟石油化工有限公司,91370220MA7D1DLJ1T,,税务处理决定书,青税稽一处〔2026〕82号,青税稽一处〔2026〕82号,青税稽一罚〔2026〕73号,"经我局于2026年2月4日至2026年3月31日对你单位(地址:中国(山东)自由贸易试验区青岛片区长白山路888号101-39 室)2022年1月1日至2022年12月31日涉税情况进行检查,你单位存在违法事实及处罚决定如下: 3.国家税务总局广安市税务局稽查局已证实广安市海晶石油销售有限公司在没有真实油品销售的情况下向你单位虚开增值税专用发票。 4.你单位2021年12月成立,2022年短时间内大量开具和取得增值税专用发票,虚开特征明显。 ”之规定,你单位与12家上游企业(广安市海晶石油销售有限公司、浙江舟山远毅石油有限公司、浙江舟山中磊能源有限公司、山东石大科技石化油品销售有限公司、浙江舟山圆满石油化工有限公司、浙江东海长城石化股份有限公司、华芝隆(舟山)能源有限公司、福建省盛泰航空燃料有限公司、上海农北能源有限公司、中海(东营)石化有限公司、舟山众兴石化有限公司、青岛宝拓石油化工有限公司)、6家下游企业(国鑫能源(珠海横琴)集团有限公司、东营市亚通石化有限公司、青岛宏欣宇能源有限公司、荣汇供应链管理(大连)有限公司金额、山东坤和石油化工有限公司、浙江舟山京桥能源科技有限公司)没有实际业务发生,你单位开具和取得的上述发票,属于为他人开具与实际经营业务情况不符的发票和让他人为自己开具与实际经营业务情况不符的发票,构成虚开发票; 你单位取得虚开发票申报抵扣进项税额,构成偷税。 根据《中华人民共和国发票管理办法》第二十二条第二款第(一)项、第(二)项“任何单位和个人不得有下列虚开发票行为:(一)为他人、为自己开具与实际经营业务情况不符的发票; (二)让他人为自己开具与实际经营业务情况不符的发票”的规定,对你单位开具给国鑫能源(珠海横琴)集团有限公司、东营市亚通石化有限公司、青岛宏欣宇能源有限公司、荣汇供应链管理(大连)有限公司金额、山东坤和石油化工有限公司、浙江舟山京桥能源科技有限公司等6家下游企业的1801份增值税专用发票定性为虚开,金额178947243.98元,税额23263140.85元,价税合计202210384.83元。",增值税、企业所得税、消费税、城市维护建设税、教育费附加、地方教育附加,33797308.95,,,,"根据《中华人民共和国税收征收管理法实施细则》第一百零六条第(二)款之规定,因采用其他方式无法向你单位送达税务文书,我局决定对《税务行政处罚决定书》(青税稽一罚〔2026〕73号)、《税务处理决定书》(青税稽一处〔2026〕82号)予以公告送达。 根据《中华人民共和国发票管理办法》第三十七条第一款“违反本办法第二十二条第二款的规定虚开发票的,由税务机关没收违法所得; 构成犯罪的,依法追究刑事责任”、《国家税务总局关于发布<税务行政处罚裁量权行使规则>的公告》(国家税务总局公告2016年第78号),参照《国家税务总局山东省税务局 国家税务总局青岛市税务局关于发布<山东省税务行政处罚裁量基准>的公告》(国家税务总局山东省税务局 国家税务总局青岛市税务局公告2022年第6号)的规定,你单位虚开发票共计2992份,金额469149594.80元,税额60989447.61元,决定对你单位虚开发票的行为处以罚款500000元。 ”综上,对你单位虚开发票行为,利用虚开发票认证抵扣增值税,少缴增值税、少缴城市维护建设税的偷税行为决定处以罚款36163120.58元。 到期不缴纳罚款,我局可依照《中华人民共和国行政处罚法》第七十二条第一款第(一)项规定,每日按罚款数额的百分之三加处罚款。 上述虚开的发票其中已认证抵扣1176份,税额33797308.95元,应进行进项税额转出33797308.95元,经还原计算,应补缴增值税2022年3月1812177.01元、 2022年4月7822105.1元、 2022年5月9978988.18元、 2022年6月6932974.86元、 2022年7月5475571.47元、2022年8月1027605.14元、 2022年9月18782.12元、 2022年11月729105.07元,合计补缴增值税33797308.95元。",,2026-08-06,,2026-08-23,2026-08-26,完整文书,税务机关官网,已核验,https://qingdao.chinatax.gov.cn/bsfw2019/ssgg/sdgg/dyjcj/202608/t20260806_106923.html,,,国家税务总局青岛市税务局第一稽查局送达公告2026年335号,正常,Excel 与 CSV 历史数据已合并核对。
109,CASE-71f7689e72f5568c,DOC-13542cbffcf773cd,山东省,青岛市,,国家税务总局青岛市税务局第一稽查局,国家税务总局青岛市税务局第一稽查局,山东骏伟石油化工有限公司,91370220MA7D1DLJ1T,,税务行政处罚决定书,青税稽一罚〔2026〕73号,青税稽一处〔2026〕82号,青税稽一罚〔2026〕73号,"经我局于2026年2月4日至2026年3月31日对你单位(地址:中国(山东)自由贸易试验区青岛片区长白山路888号101-39 室)2022年1月1日至2022年12月31日涉税情况进行检查,你单位存在违法事实及处罚决定如下: 3.国家税务总局广安市税务局稽查局已证实广安市海晶石油销售有限公司在没有真实油品销售的情况下向你单位虚开增值税专用发票。 4.你单位2021年12月成立,2022年短时间内大量开具和取得增值税专用发票,虚开特征明显。 ”之规定,你单位与12家上游企业(广安市海晶石油销售有限公司、浙江舟山远毅石油有限公司、浙江舟山中磊能源有限公司、山东石大科技石化油品销售有限公司、浙江舟山圆满石油化工有限公司、浙江东海长城石化股份有限公司、华芝隆(舟山)能源有限公司、福建省盛泰航空燃料有限公司、上海农北能源有限公司、中海(东营)石化有限公司、舟山众兴石化有限公司、青岛宝拓石油化工有限公司)、6家下游企业(国鑫能源(珠海横琴)集团有限公司、东营市亚通石化有限公司、青岛宏欣宇能源有限公司、荣汇供应链管理(大连)有限公司金额、山东坤和石油化工有限公司、浙江舟山京桥能源科技有限公司)没有实际业务发生,你单位开具和取得的上述发票,属于为他人开具与实际经营业务情况不符的发票和让他人为自己开具与实际经营业务情况不符的发票,构成虚开发票; 你单位取得虚开发票申报抵扣进项税额,构成偷税。 根据《中华人民共和国发票管理办法》第二十二条第二款第(一)项、第(二)项“任何单位和个人不得有下列虚开发票行为:(一)为他人、为自己开具与实际经营业务情况不符的发票; (二)让他人为自己开具与实际经营业务情况不符的发票”的规定,对你单位开具给国鑫能源(珠海横琴)集团有限公司、东营市亚通石化有限公司、青岛宏欣宇能源有限公司、荣汇供应链管理(大连)有限公司金额、山东坤和石油化工有限公司、浙江舟山京桥能源科技有限公司等6家下游企业的1801份增值税专用发票定性为虚开,金额178947243.98元,税额23263140.85元,价税合计202210384.83元。",增值税、企业所得税、消费税、城市维护建设税、教育费附加、地方教育附加,,,36163120.58,,"根据《中华人民共和国税收征收管理法实施细则》第一百零六条第(二)款之规定,因采用其他方式无法向你单位送达税务文书,我局决定对《税务行政处罚决定书》(青税稽一罚〔2026〕73号)、《税务处理决定书》(青税稽一处〔2026〕82号)予以公告送达。 根据《中华人民共和国发票管理办法》第三十七条第一款“违反本办法第二十二条第二款的规定虚开发票的,由税务机关没收违法所得; 构成犯罪的,依法追究刑事责任”、《国家税务总局关于发布<税务行政处罚裁量权行使规则>的公告》(国家税务总局公告2016年第78号),参照《国家税务总局山东省税务局 国家税务总局青岛市税务局关于发布<山东省税务行政处罚裁量基准>的公告》(国家税务总局山东省税务局 国家税务总局青岛市税务局公告2022年第6号)的规定,你单位虚开发票共计2992份,金额469149594.80元,税额60989447.61元,决定对你单位虚开发票的行为处以罚款500000元。 ”综上,对你单位虚开发票行为,利用虚开发票认证抵扣增值税,少缴增值税、少缴城市维护建设税的偷税行为决定处以罚款36163120.58元。 到期不缴纳罚款,我局可依照《中华人民共和国行政处罚法》第七十二条第一款第(一)项规定,每日按罚款数额的百分之三加处罚款。 上述虚开的发票其中已认证抵扣1176份,税额33797308.95元,应进行进项税额转出33797308.95元,经还原计算,应补缴增值税2022年3月1812177.01元、 2022年4月7822105.1元、 2022年5月9978988.18元、 2022年6月6932974.86元、 2022年7月5475571.47元、2022年8月1027605.14元、 2022年9月18782.12元、 2022年11月729105.07元,合计补缴增值税33797308.95元。",,2026-08-06,,2026-08-23,2026-08-26,完整文书,税务机关官网,已核验,https://qingdao.chinatax.gov.cn/bsfw2019/ssgg/sdgg/dyjcj/202608/t20260806_106923.html,,,国家税务总局青岛市税务局第一稽查局送达公告2026年335号,正常,Excel 与 CSV 历史数据已合并核对。
43,CASE-183c0161a86cb188,DOC-b42ca490d19e80f1,广西壮族自治区,来宾市,,国家税务总局来宾市税务局第二稽查局,国家税务总局来宾市税务局第二稽查局,广西侯珏酒店有限公司,91451323MAK6QBE777,,税务处理决定书,来市税二稽处〔2026〕8号,来市税二稽处〔2026〕8号,来市税二稽罚〔2026〕6号,,,,,,,,,2026-08-05,,2026-08-07,2026-08-26,仅公告送达/仅文号线索,税务机关官网,已核验,https://guangxi.chinatax.gov.cn/laibin/tzgg_15610/tzgg_15611/202608/t20260806_438028.html,,,国家税务总局来宾市税务局第二稽查局 关于送达《税务处理决定书》、《税务行政处罚决定书》、《纳税缴费信用修复事项告知书》的公告_国家税务总局来宾市税务局,正常,Excel 与 CSV 历史数据已合并核对。
44,CASE-183c0161a86cb188,DOC-d238efe5d5ba0f2d,广西壮族自治区,来宾市,,国家税务总局来宾市税务局第二稽查局,国家税务总局来宾市税务局第二稽查局,广西侯珏酒店有限公司,91451323MAK6QBE777,,税务行政处罚决定书,来市税二稽罚〔2026〕6号,来市税二稽处〔2026〕8号,来市税二稽罚〔2026〕6号,,,,,,,,,2026-08-05,,2026-08-07,2026-08-26,仅公告送达/仅文号线索,税务机关官网,已核验,https://guangxi.chinatax.gov.cn/laibin/tzgg_15610/tzgg_15611/202608/t20260806_438028.html,,,国家税务总局来宾市税务局第二稽查局 关于送达《税务处理决定书》、《税务行政处罚决定书》、《纳税缴费信用修复事项告知书》的公告_国家税务总局来宾市税务局,正常,Excel 与 CSV 历史数据已合并核对。
40,CASE-2799cf13d16e48fa,DOC-4a944414e51221f4,广西壮族自治区,北海市,,国家税务总局北海市税务局,国家税务总局北海市税务局稽查局,北海市丰赢商贸有限公司,91450500MAEULQHG42,,税务处理决定书,北市税稽处〔2026〕16号,北市税稽处〔2026〕16号,,"况进行了检查,违法事实及处理决定如下: 行,无法核实你公司资金流情况,你公司存在虚开风险。 经查实,根据《国家税务总局关于纳税人虚开增值税专用发 经查实,根据《中华人民共和国城市维护建设税暂行条例》 经查实,根据《征收教育费附加的暂行规定》(国发〔1986〕 经查实,根据《广西壮族自治区人民政府关于印发广西壮 你公司所属期 2025 年 8 月未进行纳税申报,不缴或者少缴 三条第一款规定,对上述行为定性为偷税,向你公司追缴少缴的 对你公司少缴的税款从税款滞纳之日起至实际缴纳税款之日止 公司向下游企业虚开 9 份增值税电子专用发票(发票号码:",增值税、城市维护建设税、教育费附加、地方教育附加,512334.96,,,,"你公司所属期2025 年 8 月应补缴增值税465759.06 元。 司所属期2025 年 8 月应补缴纳城市维护建设税32603.13 元。 公司所属期 2025 年8 月应补缴纳教育费附加 13972.77 元。 第三条的规定,你公司所属期2025 年 8 月应补缴纳地方教育附",2026-08-03,2026-08-04,,2026-08-06,2026-08-26,完整文书,税务机关官网,已核验,https://guangxi.chinatax.gov.cn/beihai/tzgg_15227/tzgg_15228/202608/t20260806_437995.html,https://guangxi.chinatax.gov.cn/beihai/tzgg_15227/tzgg_15228/202608/P020260806323120509644.pdf,,【市稽查】国家税务总局北海市税务局稽查局税务文书送达公告(北海市丰赢商贸有限公司)_国家税务总局北海市税务局,附件正常,Excel 与 CSV 历史数据已合并核对。 字段“主要违法事实”已根据官方附件重新解析。 字段“处理或处罚结果”已根据官方附件重新解析。
47,CASE-b86ef2eaf21a5a7c,DOC-ff40d7c55beb9efe,广西壮族自治区,河池市,,国家税务总局河池市税务局第二稽查局,国家税务总局河池市税务局第二稽查局,广西槟咪科技有限公司,91451202MAK5F6YF55,,税务处理决定书,河市税二稽处〔2026〕13号,河市税二稽处〔2026〕13号,河市税二稽罚〔2026〕5号,,,,,,,,,2026-08-04,,2026-08-09,2026-08-26,仅公告送达/仅文号线索,税务机关官网,已核验,https://guangxi.chinatax.gov.cn/hechi/tzgg_15562/tzgg_15563/202608/t20260804_437923.html,https://guangxi.chinatax.gov.cn/hechi/tzgg_15562/tzgg_15563/202608/P020260807394855263353.doc,,国家税务总局河池市税务局第二稽查局税务文书送达公告(河市税二稽公告〔2026〕37号)_国家税务总局河池市税务局,附件正常,Excel 与 CSV 历史数据已合并核对。
48,CASE-b86ef2eaf21a5a7c,DOC-fde4cc39ffbd9be3,广西壮族自治区,河池市,,国家税务总局河池市税务局第二稽查局,国家税务总局河池市税务局第二稽查局,广西槟咪科技有限公司,91451202MAK5F6YF55,,税务行政处罚决定书,河市税二稽罚〔2026〕5号,河市税二稽处〔2026〕13号,河市税二稽罚〔2026〕5号,,,,,,,,,2026-08-04,,2026-08-09,2026-08-26,仅公告送达/仅文号线索,税务机关官网,已核验,https://guangxi.chinatax.gov.cn/hechi/tzgg_15562/tzgg_15563/202608/t20260804_437923.html,https://guangxi.chinatax.gov.cn/hechi/tzgg_15562/tzgg_15563/202608/P020260807396182992847.doc,,国家税务总局河池市税务局第二稽查局税务文书送达公告(河市税二稽公告〔2026〕37号)_国家税务总局河池市税务局,附件正常,Excel 与 CSV 历史数据已合并核对。
61,CASE-5fca9146290ec6d0,DOC-c9a1733ebf848289,江苏省,苏州市,,国家税务总局苏州市税务局第一稽查局,国家税务总局苏州市税务局第一稽查局,苏州欧朗建筑装饰材料有限公司,91320594069459661G,,税务处理决定书,苏州税一稽处〔2026〕168号,苏州税一稽处〔2026〕168号,,,,,,,,,,2026-08-04,,2026-08-15,2026-08-26,仅公告送达/仅文号线索,税务机关官网,已核验,https://jiangsu.chinatax.gov.cn/art/2026/8/4/art_9363_1768763.html,,,国家税务总局江苏省税务局网站 通知公告 国家税务总局苏州市税务局第一稽查局税务文书送达公告(2026年第82号),正常,Excel 与 CSV 历史数据已合并核对。
33,CASE-ef382edddd0f50f8,DOC-f80d567b9343411c,福建省,泉州市,,国家税务总局泉州市税务局,国家税务总局泉州市税务局稽查局,泉州平媛贸易有限公司,91350503597867511E,,税务处理决定书,泉税稽处〔2026〕29号,泉税稽处〔2026〕29号,,"进行了检查,违法事实及处理决定如下: 经查,2013年1月25日至2013年1月28日期间,你公司将4900万元资金贷与庄彬阳使用,你公司未就该项贷款业务申报缴纳企业所得税、营业税及附加税费。",企业所得税,,,,,"、相关人员无法联系,致使上述文书采取直接送达、邮寄送达等其他方式均无法送达,现根据《中华人民共和国税收征收管理法实施细则》第一百零六条第二项的规定,将上述文书主要内容予以公告送达,自公告之日起满30日,即视为送达。",,2026-08-04,,2026-08-04,2026-08-26,完整文书,税务机关官网,已核验,https://fujian.chinatax.gov.cn/qzsswj/xxgk/sjxxgk/qtgg_23603/202608/t20260804_643260.htm,,,"关于对泉州平媛贸易有限公司《税务处理决定书》送达的公告 _
 其他公告 _
 国家税务总局泉州市税务局",正常,Excel 与 CSV 历史数据已合并核对。
60,CASE-c1f18336fd057dd4,DOC-f26f9179a061ad82,江苏省,苏州市,,国家税务总局江苏省税务局,国家税务总局苏州市税务局稽查局,太仓市沙溪镇金伯爵首饰店,92320585MA1URKRW1J,,税务处理决定书,苏州税稽处〔2026〕76号,苏州税稽处〔2026〕76号,,,,,,,,,,2026-08-03,,2026-08-15,2026-08-26,仅公告送达/仅文号线索,税务机关官网,已核验,https://jiangsu.chinatax.gov.cn/art/2026/8/3/art_9363_1768037.html,,,国家税务总局江苏省税务局网站 通知公告 国家税务总局苏州市税务局稽查局税务文书送达公告(2026年第60号),正常,Excel 与 CSV 历史数据已合并核对。
52,CASE-d147c1781c435f96,DOC-e81e8f2788b12234,辽宁省,大连市,,国家税务总局大连市税务局第三稽查局,国家税务总局大连市税务局第三稽查局,大连仲成商贸有限公司,9121020433582938XQ,,税务处理决定书,大税三稽处〔2026〕60号,大税三稽处〔2026〕60号,,,,,,,,,,2026-08-03,,2026-08-15,2026-08-26,仅公告送达/仅文号线索,税务机关官网,已核验,http://dalian.chinatax.gov.cn/art/2026/8/3/art_1715_705960.html,,,国家税务总局大连市税务局 通知公告 国家税务总局大连市税务局第三稽查局关于税务文书送达的公告(2026年第47号),正常,Excel 与 CSV 历史数据已合并核对。
31,CASE-119dcfa5a7c6b239,DOC-1a423a3cbfed9f3f,广西壮族自治区,南宁市,,国家税务总局南宁市税务局第三稽查局,国家税务总局南宁市税务局第三稽查局,广西威曼能源科技有限公司,91450103MA5NJYGEXM,,税务处理决定书,南市税三稽处〔2026〕19号,南市税三稽处〔2026〕19号,南市税三稽罚〔2026〕10号,,,,,,,,,2026-07-30,,2026-08-02,2026-08-26,仅公告送达/仅文号线索,税务机关官网,已核验,https://guangxi.chinatax.gov.cn/nanning/xxgk/swjcgg/202607/t20260731_437586.html,https://guangxi.chinatax.gov.cn/nanning/xxgk/swjcgg/202607/P020260731398841309282.doc,,国家税务总局南宁市税务局第三稽查局 税务文书送达公告_国家税务总局南宁市税务局,附件正常,Excel 与 CSV 历史数据已合并核对。
32,CASE-119dcfa5a7c6b239,DOC-f8499a65abd851d8,广西壮族自治区,南宁市,,国家税务总局南宁市税务局第三稽查局,国家税务总局南宁市税务局第三稽查局,广西威曼能源科技有限公司,91450103MA5NJYGEXM,,税务行政处罚决定书,南市税三稽罚〔2026〕10号,南市税三稽处〔2026〕19号,南市税三稽罚〔2026〕10号,,,,,,,,,2026-07-30,,2026-08-02,2026-08-26,仅公告送达/仅文号线索,税务机关官网,已核验,https://guangxi.chinatax.gov.cn/nanning/xxgk/swjcgg/202607/t20260731_437586.html,https://guangxi.chinatax.gov.cn/nanning/xxgk/swjcgg/202607/P020260731398841342390.doc,,国家税务总局南宁市税务局第三稽查局 税务文书送达公告_国家税务总局南宁市税务局,附件正常,Excel 与 CSV 历史数据已合并核对。
38,CASE-c48b4ac9b3677385,DOC-d3324d06254a350f,广西壮族自治区,南宁市,,国家税务总局南宁市税务局第三稽查局,国家税务总局南宁市税务局第三稽查局,广西松柏建筑装饰设计有限公司,91450108MA5P1DL467,,税务处理决定书,南市税三稽处〔2026〕18号,南市税三稽处〔2026〕18号,南市税三稽罚〔2026〕9号,,,,,,,,,2026-07-30,,2026-08-04,2026-08-26,仅公告送达/仅文号线索,税务机关官网,已核验,https://guangxi.chinatax.gov.cn/nanning/xxgk/swjcgg/202607/t20260731_437584.html,https://guangxi.chinatax.gov.cn/nanning/xxgk/swjcgg/202607/P020260731398148275515.doc,,国家税务总局南宁市税务局第三稽查局 税务文书送达公告_国家税务总局南宁市税务局,附件正常,Excel 与 CSV 历史数据已合并核对。
39,CASE-c48b4ac9b3677385,DOC-c40aad0bbe60707b,广西壮族自治区,南宁市,,国家税务总局南宁市税务局第三稽查局,国家税务总局南宁市税务局第三稽查局,广西松柏建筑装饰设计有限公司,91450108MA5P1DL467,,税务行政处罚决定书,南市税三稽罚〔2026〕9号,南市税三稽处〔2026〕18号,南市税三稽罚〔2026〕9号,,,,,,,,,2026-07-30,,2026-08-04,2026-08-26,仅公告送达/仅文号线索,税务机关官网,已核验,https://guangxi.chinatax.gov.cn/nanning/xxgk/swjcgg/202607/t20260731_437584.html,https://guangxi.chinatax.gov.cn/nanning/xxgk/swjcgg/202607/P020260731398148303108.doc,,国家税务总局南宁市税务局第三稽查局 税务文书送达公告_国家税务总局南宁市税务局,附件正常,Excel 与 CSV 历史数据已合并核对。
37,CASE-f7f5d80ec431a14d,DOC-3a61d3452c421a37,福建省,福州市,,国家税务总局福州市税务局第一稽查局,国家税务总局福州市税务局第一稽查局,福州吉伦多德贸易有限公司,91350102MA33G4RD13,,税务行政处罚决定书,榕税一稽罚〔2026〕39号,,榕税一稽罚〔2026〕39号,"经我局于2022年5月20日起对你公司[地址:福建省福州市鼓楼区温泉街道东城边街39号(原东城边街东侧与温泉支路交叉处)恒宇国际2#楼5层10商务办公-1]2019年1月1日至2022年12月31日期间的涉税情况进行检查,你公司存在违法事实及处罚决定如下: 你公司假报出口骗取国家出口退税款4064566.77元。 你公司取得的已证实虚开发票、出口退税数据、报关单证资料比对结果等证据。",增值税、企业所得税、消费税,,,,,,,2026-07-30,,2026-08-04,2026-08-26,完整文书,税务机关官网,已核验,https://fujian.chinatax.gov.cn/fzsswj/xxgk/gsgg/qtl/202607/t20260730_642896.htm,,,"关于送达福州吉伦多德贸易有限公司《税务行政处罚决定书》的公告 _
 其他类 _
 国家税务总局福州市税务局",正常,Excel 与 CSV 历史数据已合并核对。
29,CASE-89fc66bfc8dad80d,DOC-6e5b966cd65a4366,广西壮族自治区,北海市,银海区,国家税务总局北海市税务局,国家税务总局北海市税务局稽查局,广西耿仁建材有限公司,,,税务处理决定书,北市税稽处〔2026〕14号,北市税稽处〔2026〕14号,,"我局于2026年2月11日至2026年7月15日对你公司(地址:北海市银海区新世纪大道15号辰宸花园3幢二单元0901号)2026年1月1日至2026年1月31日期间的涉税情况进行了检查,违法事实及处理决定如下: (2)短时间开具大量大额发票且未申报 你公司未进行纳税申报,不缴或者少缴2026年1月增值税194612.47元,2026年1月城市维护建设税13622.87元,合计208235.34元。 根据《中华人民共和国税收征收管理法》第六十三条第一款规定,对上述行为定性为偷税,向你公司追缴少缴的2026年增值税194612.47元,城市维护建设税13622.87元,合计208235.34元。 1.根据《征收教育费附加的暂行规定》(国发〔1986〕50号)第二条、第三条及《国务院关于修改〈征收教育费附加的暂行规定〉的决定(2005)》(国务院令第448号)的规定,对你公司少缴所属期2026年1月的教育费附加5838.37元,予以追缴。 2.根据《广西壮族自治区人民政府关于印发广西壮族自治区地方教育附加征收使用管理办法的通知》(桂政发〔2004〕1号)第五条第(一)项和《关于调整我区地方教育附加征收标准有关问题的通知》(桂财综〔2011〕13号)第一条、第三条的规定,对你公司少缴所属期2026年1月地方教育附加3892.25元,予以追缴。 根据《中华人民共和国税收征收管理法》第三十二条之规定,对你公司少缴的税款从税款滞纳之日起至实际缴纳税款之日止按日加收滞纳税款万分之五的滞纳金,滞纳金由金三系统自动计算加收。 (四)你公司无法联系且实地核查无实际生产地址、无生产能力、查无下落,短期开票金额大,无法核实资金流,未进行纳税申报,根据《国家税务总局关于走逃(失联)企业开具增值税专用发票认定处理有关问题的公告》(国家税务总局公告2016年第76号),将你公司按走逃(失联)处理,根据《中华人民共和国发票管理办法》(国函〔1993〕174号)第二十一条第(一)项,你公司无生产能力,却为他人开具与实际经营业务情况不符的发票,属于虚开发票的行为。",增值税、城市维护建设税、教育费附加、地方教育附加,208235.34,,,,,,2026-07-29,,2026-07-30,2026-08-26,完整文书,税务机关官网,已核验,https://guangxi.chinatax.gov.cn/beihai/tzgg_15227/tzgg_15228/202607/t20260729_437253.html,,,【市稽查】国家税务总局北海市税务局稽查局税务处理决定书(北市税稽处〔2026〕14号)_国家税务总局北海市税务局,正常,Excel 与 CSV 历史数据已合并核对。
30,CASE-eb9cfd5295d501e5,DOC-4a8cf53b445afc63,广西壮族自治区,北海市,海城区,国家税务总局北海市税务局,国家税务总局北海市税务局稽查局,广西轩易科技有限公司,91450500MAK3N9UJ2T,,税务处理决定书,北市税稽处〔2026〕6号,北市税稽处〔2026〕6号,,"我局于2026年1月23日起对你公司(地址:北海市海城区北部湾东路“金宝小区”B幢B804号20北海汇算账商务秘书有限公司托管)2025年12月11日至2025年12月31日期间的涉税情况进行了检查,发现你公司存在税收违法行为,原《税务处理决定书》(北市税稽处〔2026〕6号)认定的违法事实有误,经重新调查核实,违法事实及处理决定如下: 经查询,你公司2026年1月20日通过网络方式零申报所属期2025年10月1日-2025年12月31日的增值税、城市维护建设税及附加,入库税款0元,申报金额与实际不符,存在虚假申报的情况。 你公司2025年12月虚开增值税普通电子发票10份,金额571550.49元,税额5715.51元,根据《中华人民共和国增值税暂行条例》第一条、第十一条、第十二条,《财政部税务总局关于增值税小规模纳税人减免增值税政策的公告》(财政部税务总局公告2023年第19号)第二条的规定,应缴所属期2025年12月增值税571550.49*1%=5715.51元,已缴增值税0元,应补缴2025年12月增值税5715.51元。 (一)根据《中华人民共和国发票管理办法》(财政部令第6号发布,经国务院令第587号、第709号、第764号修订)第二十一条第二款第(一)项的规定,认定你公司为他人开具与实际经营业务情况不符的前述13份增值税普通电子发票为虚开发票(金额合计571550.49元,税额合计5715.51元,价税合计577266.00元)。 根据《中华人民共和国税收征收管理法》第三十二条、第六十三条第一款、《国家税务总局关于纳税人虚开增值税专用发票征补税款问题的公告》(国家税务总局公告2012年第33号)的规定,已构成偷税,向你公司追缴少缴的税款合计5915.56元,并从滞纳税款之日起至实际缴纳之日止按日加收万分之五的滞纳金。",增值税、城市维护建设税、教育费附加、地方教育附加,6058.46,,,,"你公司2025年12月虚开增值税普通电子发票10份,金额571550.49元,税额5715.51元,根据《中华人民共和国增值税暂行条例》第一条、第十一条、第十二条,《财政部税务总局关于增值税小规模纳税人减免增值税政策的公告》(财政部税务总局公告2023年第19号)第二条的规定,应缴所属期2025年12月增值税571550.49*1%=5715.51元,已缴增值税0元,应补缴2025年12月增值税5715.51元。 你公司所属期2025年12月应补缴增值税5715.51元。 根据《中华人民共和国城市维护建设税法》(中华人民共和国主席令第五十一号)第一条、第二条、第四条,《财政部税务总局关于进一步支持小微企业和个体工商户发展有关税费政策的公告》(财政部税务总局公告2023年第12号)第二条的规定,你公司所属期2025年12月应补缴纳城市维护建设税5715.51×7%×50%=200.05元。 你公司所属期2025年12月应补缴增值税5715.51元。 根据《征收教育费附加的暂行规定》(国发〔1986〕50号)第二条、第三条及《国务院关于修改〈征收教育费附加的暂行规定〉的决定(2005)》(国务院令第448号)、《财政部税务总局关于进一步支持小微企业和个体工商户发展有关税费政策的公告》(财政部税务总局公告2023年第12号)第二条的规定,你公司所属期2025年12月应补缴纳城市维护建设税5715.51×3%×50%=85.74元。 你公司所属期2025年12月应补缴增值税5715.51元。 根据《广西壮族自治区人民政府关于印发广西壮族自治区地方教育附加征收使用管理办法的通知》(桂政发〔2004〕1号)第五条第(一)项和《关于调整我区地方教育附加征收标准有关问题的通知》(桂财综〔2011〕13号)第一条、第三条,《财政部税务总局关于进一步支持小微企业和个体工商户发展有关税费政策的公告》(财政部税务总局公告2023年第12号)第二条的规定,你公司所属期2025年12月应补缴纳地方教育附加5715.51×2%×50%=57.16元。",,2026-07-29,,2026-07-31,2026-08-26,完整文书,税务机关官网,已核验,https://guangxi.chinatax.gov.cn/beihai/tzgg_15227/tzgg_15228/202607/t20260729_437257.html,,,【市稽查】国家税务总局北海市税务局稽查局税务处理决定书(北市税稽处〔2026〕13号)_国家税务总局北海市税务局,正常,"字段“决定书文号”存在冲突:保留原值“北市税稽处〔2026〕6号”,新值“北市税稽处〔2026〕13号”未静默覆盖。 Excel 与 CSV 历史数据已合并核对。"
35,CASE-6e854d911c44fb48,DOC-4bf991cc37f1a595,广西壮族自治区,南宁市,,国家税务总局南宁市税务局第四稽查局,国家税务总局南宁市税务局第四稽查局,南宁敏顺睿商务服务有限公司,91450128MAA79KD08F,,税务处理决定书,南市税四稽处〔2025〕4号,南市税四稽处〔2025〕4号,南市税四稽罚〔2026〕4号,,,,,,,,,2026-07-28,,2026-08-04,2026-08-26,仅公告送达/仅文号线索,税务机关官网,待核验,https://guangxi.chinatax.gov.cn/nanning/xxgk/swjcgg/202607/t20260728_437135.html,https://guangxi.chinatax.gov.cn/nanning/xxgk/swjcgg/202604/P020260429618662170759.doc,,国家税务总局南宁市税务局第四稽查局公告更正告知书(南宁敏顺睿商务服务有限公司)_国家税务总局南宁市税务局,内容不匹配,"页面标题与正文/附件文书类型不一致,需人工复核。 Excel 与 CSV 历史数据已合并核对。 字段“官方发布日期”存在冲突:保留原值“2026-07-28”,新值“2026-04-29”未静默覆盖。 字段“官方原文链接”存在冲突:保留原值“https://guangxi.chinatax.gov.cn/nanning/xxgk/swjcgg/202607/t20260728_437135.html”,新值“https://guangxi.chinatax.gov.cn/nanning/xxgk/swjcgg/202604/t20260429_432665.html”未静默覆盖。 字段“页面标题”存在冲突:保留原值“国家税务总局南宁市税务局第四稽查局公告更正告知书(南宁敏顺睿商务服务有限公司)_国家税务总局南宁市税务局”,新值“国家税务总局南宁市税务局第四稽查局 税务文书送达公告(南宁敏顺睿商务服务有限公司)_国家税务总局南宁市税务局”未静默覆盖。"
36,CASE-6e854d911c44fb48,DOC-9057f0b6746c97de,广西壮族自治区,南宁市,,国家税务总局南宁市税务局第四稽查局,国家税务总局南宁市税务局第四稽查局,南宁敏顺睿商务服务有限公司,91450128MAA79KD08F,,税务行政处罚决定书,南市税四稽罚〔2026〕4号,南市税四稽处〔2025〕4号,南市税四稽罚〔2026〕4号,,,,,,,,,2026-07-28,,2026-08-04,2026-08-26,仅公告送达/仅文号线索,税务机关官网,待核验,https://guangxi.chinatax.gov.cn/nanning/xxgk/swjcgg/202607/t20260728_437135.html,,,国家税务总局南宁市税务局第四稽查局公告更正告知书(南宁敏顺睿商务服务有限公司)_国家税务总局南宁市税务局,内容不匹配,"页面标题与正文/附件文书类型不一致,需人工复核。 Excel 与 CSV 历史数据已合并核对。"
34,CASE-97651030667b6c98,DOC-f9817c8cadf0fc74,福建省,福州市,仓山区,国家税务总局福州市税务局第一稽查局,国家税务总局福州市税务局第一稽查局,福州盛广弘贸易有限公司,91350104MA34D5PT77,,税务处理决定书,榕税一稽处〔2025〕233号,榕税一稽处〔2025〕233号,,"我局于2023年12月25日起对你公司(地址:福建省福州市仓山区信平路6号二层41室)2022年1月1日至2023年11月30日期间的涉税情况进行检查,违法事实及处理决定如下: (二)你公司于2022年至2023年取得新余伟宏服装有限公司已证实虚开的254份正常状态增值税专用发票(金额合计24261915.72元,税额合计3154049.38元,价税合计27415965.10元)用于出口退税,通过假报出口或者其他欺骗手段骗取国家出口退税款3154049.14元。 (三)你公司于2022年至2023年取得宜春润悟服饰有限公司已证实虚开的220份正常状态增值税专用发票(金额合计20853824.88元,税额合计2710997.42元,价税合计23564822.30元),上述发票你公司均用于申报出口退税,取得已退税额2710997.41元。 (一)根据《中华人民共和国税收征收管理法》第六十六条规定,认定你公司取得新余伟宏服装有限公司已证实虚开的增值税专用发票254份(金额合计24261915.72元,税额合计3154049.38元,价税合计27415965.10元,取得退税款3154049.14元)并用于出口退税的属于骗取国家出口退税。 追缴你公司骗取的出口退税款3154049.14元,具体明细如下(单位:元): (二)根据《财政部 国家税务总局关于出口货物劳务增值税和消费税政策的通知》(财税〔2012〕39号)第七条第(一)项第5目、第九条第(二)项第5目、《国家税务总局关于<出口货物劳务增值税和消费税管理办法>有关问题的公告》(国家税务总局公告2013年第12号)第五条第(九)项第1目规定,你公司取得宜春润悟服饰有限公司已证实虚开的220份增值税专用发票(金额合计20853824.88元,税额合计2710997.42元,价税合计23564822.30元),申报出口退税并取得退税款2710997.41元,适用增值税征税政策,追缴已退税款2710997.41元,具体明细如下(单位:元):",增值税、企业所得税、消费税、城市维护建设税、教育费附加、地方教育附加,2710997.41,,,,"根据《中华人民共和国城市维护建设税法》第一条、第二条、第四条、第五条、《征收教育费附加的暂行规定》第二条、第三条、《福建省人民政府关于调整地方教育附加征收标准有关问题的通知》(闽政文〔2011〕230号)第一条、第二条、《财政部 税务总局关于进一步实施小微企业“六税两费”减免政策的公告》(财政部 税务总局公告2022年第10号)第一条规定,你公司应补缴相应属期城市维护建设税合计83631.38元、教育费附加合计35842.03元、地方教育附加合计23894.68元,具体明细如下(单位:元):",,2026-07-28,,2026-08-04,2026-08-26,完整文书,税务机关官网,已核验,https://fujian.chinatax.gov.cn/fzsswj/xxgk/gsgg/qtl/202607/t20260728_642705.htm,,,"关于送达福州盛广弘贸易有限公司《税务处理决定书》的公告 _
 其他类 _
 国家税务总局福州市税务局",正常,Excel 与 CSV 历史数据已合并核对。
16,CASE-3e050a699b29b0d0,DOC-96a3089a0e2b37cd,河南省,平顶山市,,国家税务总局平顶山市税务局第一稽查局,国家税务总局平顶山市税务局第一稽查局,汝州泰隆实业有限公司,91410482MA40K4KA3B,,税务处理决定书,平税稽一局处〔2026〕1号,平税稽一局处〔2026〕1号,,,,,,,,,,2026-07-24,,2026-07-26,2026-08-26,仅公告送达/仅文号线索,税务机关官网,已核验,https://henan.chinatax.gov.cn/pingdingshan/2026/07-24/140004.html,,,国家税务总局平顶山市税务局第一稽查局关于送达汝州泰隆实业有限公司《税务处理决定书》的公告 - 国家税务总局平顶山市税务局,正常,Excel 与 CSV 历史数据已合并核对。
41,CASE-1a685b98e7b293c8,DOC-9b5fab8065382bd9,辽宁省,铁岭市,,国家税务总局铁岭市税务局第一稽查局,国家税务总局铁岭市税务局第一稽查局,辽宁恒慧专用车箱有限公司,91211200683741982W,,税务处理决定书,铁税一稽处〔2026〕35号,铁税一稽处〔2026〕35号,铁税一稽罚〔2026〕17号,"位检查属期内违法行为均定性偷税, 需要对原处理决定中的查补 情况进行了检查,违法事实及处理决定如下: 月至2011年8月和2016年6月未申报城镇土地使用税,2011 定, 你单位存在少缴属期2010年1月至2022年6月城镇土地使 用税5,710,765.50元的违法事实。 签订了 TLTN200907《国有建设用地使用权出让合同》 , 未申报缴 之规定, 你单位存在少缴2009年11月26日印花税6,374.80元 该地块未缴纳契税,你单位存在少缴契税509,984.64元的违法 用于证明你单位采用虚假纳税申报或未申报方式申报2010年1 你单位未申报2010年1月1日至2022年6月30日印花税。 月属期申报数据,用于证明你单位未申报缴纳印花税。 单位未申报2010年1月1日至2022年6月30日契税。 6月申报数据,用于证明你单位未申报缴纳契税。",增值税、城市维护建设税、房产税、城镇土地使用税、印花税、资源税、契税、教育费附加、地方教育附加,44269.5,,,,"日”之规定,你单位每月应补缴城镇土地使用税44,269.50元 征收城镇土地使用税, 自2010年1月至2022年6月应补缴城镇 所载金额的万分之五,你单位应补缴2009年11月26日印花税",2026-06-10,2026-07-22,,2026-08-06,2026-08-26,完整文书,税务机关官网,已核验,https://liaoning.chinatax.gov.cn/art/2026/7/22/art_701_171641.html,https://liaoning.chinatax.gov.cn/module/download/downfile.jsp?classid=0&filename=cc3cf64397154af09aff7fc100df4ade.pdf&showname+=undefined,,国家税务总局辽宁省税务局 通知公告 国家税务总局铁岭市税务局税务文书送达公告,附件正常,"字段“决定书文号”存在冲突:保留原值“铁税一稽处〔2026〕35号”,新值“铁税一稽处〔2024〕9号”未静默覆盖。 字段“关联处理决定书文号”存在冲突:保留原值“铁税一稽处〔2026〕35号”,新值“铁税一稽处〔2024〕9号”未静默覆盖。 字段“关联处罚决定书文号”存在冲突:保留原值“铁税一稽罚〔2026〕17号”,新值“铁税一稽罚〔2024〕8号”未静默覆盖。 Excel 与 CSV 历史数据已合并核对。 字段“主要违法事实”已根据官方附件重新解析。 字段“处理或处罚结果”已根据官方附件重新解析。"
42,CASE-1a685b98e7b293c8,DOC-8fc89a4906937181,辽宁省,铁岭市,,国家税务总局铁岭市税务局第一稽查局,国家税务总局铁岭市税务局第一稽查局,辽宁恒慧专用车箱有限公司,91211200683741982W,,税务行政处罚决定书,铁税一稽罚〔2026〕17号,铁税一稽处〔2026〕35号,铁税一稽罚〔2026〕17号,"查属期内违法行为均定性偷税, 需要对原处罚决定中的罚款数额 以变更,你(单位)存在违法事实及处罚决定如下: 月至2011年8月和2016年6月未申报城镇土地使用税,2011 〔2022〕59号) 第一条、 第三条之规定, 你单位存在少缴属期2010 签订了 TLTN200907《国有建设用地使用权出让合同》 , 未申报缴 之规定, 你单位存在少缴2009年11月26日印花税6,374.80元 用于证明你单位采用虚假纳税申报或未申报方式申报2010年1 你单位未申报2010年1月1日至2022年6月30日印花税。 月属期申报数据,用于证明你单位未申报缴纳印花税。 报,不缴或者少缴应纳税款的,是偷税。 务机关追缴其不缴或者少缴的税款、滞纳金,并处不缴或者少缴 内首次因偷税被税务机关处罚,并能够配合税务机关检查的,处 不缴或者少缴的税款百分之五十的罚款”之规定,对你单位城镇 土地使用税和印花税处不缴或者少缴的税款50%的罚款。 你单位印花税偷税违法行为发生于2009年11月26日,至立案",增值税、城市维护建设税、房产税、城镇土地使用税、印花税、资源税、契税、教育费附加、地方教育附加,,,2855382.83,,"定,每日按罚款数额的百分之三加处罚款。",2026-06-10,2026-07-22,,2026-08-06,2026-08-26,完整文书,税务机关官网,已核验,https://liaoning.chinatax.gov.cn/art/2026/7/22/art_701_171641.html,https://liaoning.chinatax.gov.cn/module/download/downfile.jsp?classid=0&filename=a7e108964201455bbae29c63f77f2a2c.pdf&showname+=undefined,,国家税务总局辽宁省税务局 通知公告 国家税务总局铁岭市税务局税务文书送达公告,附件正常,"字段“决定书文号”存在冲突:保留原值“铁税一稽罚〔2026〕17号”,新值“铁税一稽罚〔2024〕8号”未静默覆盖。 字段“关联处理决定书文号”存在冲突:保留原值“铁税一稽处〔2026〕35号”,新值“铁税一稽处〔2024〕9号”未静默覆盖。 字段“关联处罚决定书文号”存在冲突:保留原值“铁税一稽罚〔2026〕17号”,新值“铁税一稽罚〔2024〕8号”未静默覆盖。 Excel 与 CSV 历史数据已合并核对。 字段“主要违法事实”已根据官方附件重新解析。 字段“涉及税种”存在冲突:保留原值“增值税、城市维护建设税、房产税、城镇土地使用税、印花税、资源税、契税、教育费附加、地方教育附加”,新值“房产税、城镇土地使用税、印花税”未静默覆盖。 字段“处理或处罚结果”已根据官方附件重新解析。"
14,CASE-365e8a924cf64611,DOC-4d14eba16f9aa8a0,贵州省,贵阳市,,国家税务总局贵阳市税务局第三稽查局,国家税务总局贵阳市税务局第三稽查局,贵州博泰工贸有限公司,91520115587255589F,,税务处理决定书,筑税三稽处〔2026〕38号,筑税三稽处〔2026〕38号,,,,,,,,,,2026-07-21,,2026-07-26,2026-08-26,仅公告送达/仅文号线索,税务机关官网,已核验,https://guizhou.chinatax.gov.cn/sjpd/gys/tzgg_59631/202607/t20260721_90646599.html,,,国家税务总局贵阳市税务局第三稽查局关于送达税务处理决定书、税务行政处罚决定书的公告,正常,Excel 与 CSV 历史数据已合并核对。
106,CASE-5f2f1de54816f6ee,DOC-d8774c7b8becb786,浙江省,嘉兴市,,国家税务总局嘉兴市税务局第一稽查局,国家税务总局嘉兴市税务局第一稽查局,浙江魔湾电子有限公司,91440300398457261W,,税务行政处罚决定书,嘉税一稽罚〔2026〕93号,,嘉税一稽罚〔2026〕93号,,,,,,,,2026-07-20,2026-07-20,,2026-08-20,2026-08-26,仅公告送达/仅文号线索,税务机关官网,已核验,https://zhejiang.chinatax.gov.cn/art/2026/7/20/art_17803_657685.html,https://zhejiang.chinatax.gov.cn/module/download/downfile.jsp?classid=0&filename=b3bb57a5303c4faba94e80c351abfebb.doc,,国家税务总局浙江省税务局 通知公告 国家税务总局嘉兴市税务局第一稽查局关于送达《税务行政处罚决定书》和《纳税信用修复告知书》的公告(嘉税一稽公告(2026)47 号),附件正常,"Excel 与 CSV 历史数据已合并核对。 字段“附件链接”存在冲突:保留原值“https://zhejiang.chinatax.gov.cn/module/download/downfile.jsp?classid=0&filename=b3bb57a5303c4faba94e80c351abfebb.doc”,新值“https://zhejiang.chinatax.gov.cn/module/download/downfile.jsp?classid=0&filename=e62bf26af985461990c1f4bf1f1c0ab0.docx”未静默覆盖。"
11,CASE-7b9a26f2ac401107,DOC-f6c6ea472b2ca04a,福建省,三明市,三元区,国家税务总局三明市税务局第一稽查局,国家税务总局三明市税务局第一稽查局,三明众祥房地产开发有限公司,91350400678473231W,,税务处理决定书,明税一稽处〔2026〕20号,明税一稽处〔2026〕20号,,"情况进行了检查,违法事实及处理决定如下: 2016年期间,在没有真实业务情况下,取得重庆市博海建设工程(集团)有限公司、福建九九建设有限公司三明分公司开具的不符合规定的发票,发票金额400252379元,在企业所得税税前扣除,造成少缴纳企业所得税100063094.75元,该行为违反《中华人民共和国税收征收管理法》(2015年4月24日主席令第二十三号修改)第六十三条第一款 纳税人伪造、变造、隐匿、擅自销毁账簿、记账凭证,或者在账簿上多列支出或者不列、少列收入,或者经税务机关通知申报而拒不申报或者进行虚假的纳税申报,不缴或者少缴应纳税款的,是偷税。 对纳税人偷税的,由税务机关追缴其不缴或者少缴的税款、滞纳金,并处不缴或者少缴的税款百分之五十以上五倍以下的罚款; 之规定,对你公司在账上多列支出,造成少缴企业所得税100063094.75元的行为认定为偷税。 之规定,对你公司少缴的企业所得税从滞纳之日起至实际缴纳之日止按日加收万分之五的滞纳金。",企业所得税,100063094.75,,,,"据《中华人民共和国税收征收管理法实施细则》第106条规定,将该文书予以公告送达,自公告之日起满30日视为送达。",,2026-07-20,,2026-07-26,2026-08-26,完整文书,税务机关官网,已核验,https://fujian.chinatax.gov.cn/smsswj/xxgk/sjxxgk/qtgg/202607/t20260720_641936.htm,,,"关于送达三明众祥房地产开发有限公司 《税务处理决定书》的公告 _
 其他公告 _
 国家税务总局三明市税务局",正常,Excel 与 CSV 历史数据已合并核对。
69,CASE-4b6df1ab229b441a,DOC-571826a78f28af7a,贵州省,贵阳市,,国家税务总局贵阳市税务局第三稽查局,国家税务总局贵阳市税务局第三稽查局,贵州鑫钰峰物流有限公司,91520190322063936D,,税务处理决定书,筑税三稽处〔2026〕34号,筑税三稽处〔2026〕34号,,,,,,,,,,2026-07-16,,2026-08-20,2026-08-26,仅公告送达/仅文号线索,税务机关官网,已核验,https://guizhou.chinatax.gov.cn/sjpd/gys/tzgg_59631/202607/t20260716_90629267.html,,,国家税务总局贵阳市税务局第三稽查局关于送达税务处理决定书、税务行政处罚决定书的公告,正常,Excel 与 CSV 历史数据已合并核对。
19,CASE-31e4a827dfd253f2,DOC-3ec54358fce2350d,福建省,福州市,,国家税务总局福州市税务局第一稽查局,国家税务总局福州市税务局第一稽查局,福州顺路汽车运输有限公司,91350102MA31MF6611,,税务处理决定书,榕税一稽处〔2026〕137号,榕税一稽处〔2026〕137号,,"我局于2025年7月10日起对你公司(地址:福建省闽侯县青口镇祥宏南路922号)2023年1月1日至2024年12月31日期间的发票涉税情况进行检查,违法事实及处理决定如下: (二)你公司取得毕节七星关区辰楚汽车服务部(个人独资)、毕节七星关锦悦汽车服务部(个人独资)、贵州杨亭汽车销售有限公司、贵州楠鑫汽车销售有限公司已证实虚开的35份机动车发票。 (二)根据《中华人民共和国增值税暂行条例》第九条、《国家税务总局关于纳税人虚开增值税专用发票征补税款问题的公告》(国家税务总局公告2012年第33号)的规定,你公司取得上述12份已证实虚开的发票不得作为增值税合法有效的扣税凭证抵扣其进项税额,应追缴你公司2024年1月属期增值税3564.36元。 (三)根据《中华人民共和国企业所得税法》第五条、第八条、《企业所得税税前扣除凭证管理办法》(国家税务总局公告2018年第28号发布)第四条、第十二条的规定,你公司取得上述虚开的发票不得作为税前扣除凭证。",增值税、企业所得税、城市维护建设税、教育费附加、地方教育附加,3778.22,,,,"(二)根据《中华人民共和国增值税暂行条例》第九条、《国家税务总局关于纳税人虚开增值税专用发票征补税款问题的公告》(国家税务总局公告2012年第33号)的规定,你公司取得上述12份已证实虚开的发票不得作为增值税合法有效的扣税凭证抵扣其进项税额,应追缴你公司2024年1月属期增值税3564.36元。 根据《中华人民共和国城市维护建设税法》第一条、第二条、第四条、第五条、《财政部 税务总局关于进一步支持小微企业和个体工商户发展有关税费政策的公告》(财政部 税务总局公告2023年第12号)第二条、第四条、《国家税务总局关于进一步实施小微企业“六税两费”减免政策有关征管问题的公告》(国家税务总局公告2022年第3号)的规定,你公司应补缴2024年1月属期城市维护建设税124.75元。 根据《征收教育费附加的暂行规定》第二条、第三条,《财政部 税务总局关于进一步支持小微企业和个体工商户发展有关税费政策的公告》(财政部 税务总局公告2023年第12号)第二条、第四条、《国家税务总局关于进一步实施小微企业“六税两费”减免政策有关征管问题的公告》(国家税务总局公告2022年第3号)的规定,你公司应补缴2024年1月属期教育费附加53.47元。 根据《福建省人民政府关于调整地方教育附加征收标准等有关问题的通知》(闽政文〔2011〕230号)第一条、第二条,《财政部 税务总局关于进一步支持小微企业和个体工商户发展有关税费政策的公告》(财政部 税务总局公告2023年第12号)第二条、第四条、《国家税务总局关于进一步实施小微企业“六税两费”减免政策有关征管问题的公告》(国家税务总局公告2022年第3号)的规定,你公司应补缴2024年1月属期地方教育附加35.64元。",,2026-07-15,,2026-07-26,2026-08-26,完整文书,税务机关官网,已核验,https://fujian.chinatax.gov.cn/fzsswj/xxgk/gsgg/qtl/202607/t20260715_641585.htm,,,"关于送达福州顺路汽车运输有限公司《税务处理决定书》的公告 _
 其他类 _
 国家税务总局福州市税务局",正常,Excel 与 CSV 历史数据已合并核对。
4,CASE-089a3b9692e76ac4,DOC-d21cdc5988b1e304,江苏省,淮安市,,国家税务总局江苏省税务局,国家税务总局淮安市税务局稽查局,淮安市百亦金商贸有限公司,91320804MA1WEH7Y3U,,税务处理决定书,淮税稽处〔2026〕26号,淮税稽处〔2026〕26号,淮税稽罚〔2026〕6号,,,,,,,,,2026-07-13,,2026-07-26,2026-08-26,仅公告送达/仅文号线索,税务机关官网,已核验,https://jiangsu.chinatax.gov.cn/art/2026/7/13/art_9566_1761016.html,https://jiangsu.chinatax.gov.cn/module/download/downfile.jsp?classid=0&filename=478ba9b7d6144f5a8ed4715e372e49c3.doc,,国家税务总局江苏省税务局网站 通知公告 国家税务总局淮安市税务局稽查局《税务处理决定书》、《税务行政处罚决定书》送达公告,附件正常,Excel 与 CSV 历史数据已合并核对。
5,CASE-089a3b9692e76ac4,DOC-9f8e8958d8ff89b6,江苏省,淮安市,,国家税务总局江苏省税务局,国家税务总局淮安市税务局稽查局,淮安市百亦金商贸有限公司,91320804MA1WEH7Y3U,,税务行政处罚决定书,淮税稽罚〔2026〕6号,淮税稽处〔2026〕26号,淮税稽罚〔2026〕6号,,,,,,,,,2026-07-13,,2026-07-26,2026-08-26,仅公告送达/仅文号线索,税务机关官网,已核验,https://jiangsu.chinatax.gov.cn/art/2026/7/13/art_9566_1761016.html,https://jiangsu.chinatax.gov.cn/module/download/downfile.jsp?classid=0&filename=478ba9b7d6144f5a8ed4715e372e49c3.doc,,国家税务总局江苏省税务局网站 通知公告 国家税务总局淮安市税务局稽查局《税务处理决定书》、《税务行政处罚决定书》送达公告,附件正常,Excel 与 CSV 历史数据已合并核对。
112,CASE-0ad358758747b628,DOC-a20d2c7d0c8cf4d6,江苏省,常州市,,国家税务总局常州市税务局第二稽查局,国家税务总局常州市税务局第二稽查局,常州金富纸业有限公司,91320481MACT7D8MXG,,税务处理决定书,常税稽二处〔2026〕102号,常税稽二处〔2026〕102号,常税稽二罚〔2026〕57号,"根据《税务处理决定书》(常税稽二处〔2026〕102号),你单位为他人开具与实际经营业务情况不符的增值税专用发票10 份,属于虚开发票行为;",增值税,,,,,,,2026-07-01,,2026-08-24,2026-08-26,完整文书,税务机关官网,已核验,https://jiangsu.chinatax.gov.cn/art/2026/7/1/art_9280_1757244.html,,,国家税务总局江苏省税务局网站 通知公告 国家税务总局常州市税务局第二稽查局关于送达常州金富纸业有限公司《税务处理决定书》《税务行政处罚决定书》的公告,正常,处理文书中的处罚结果串值已根据官方附件清除。 Excel 与 CSV 历史数据已合并核对。
113,CASE-0ad358758747b628,DOC-0b7cec804913e65e,江苏省,常州市,,国家税务总局常州市税务局第二稽查局,国家税务总局常州市税务局第二稽查局,常州金富纸业有限公司,91320481MACT7D8MXG,,税务行政处罚决定书,常税稽二罚〔2026〕57号,常税稽二处〔2026〕102号,常税稽二罚〔2026〕57号,"根据《税务处理决定书》(常税稽二处〔2026〕102号),你单位为他人开具与实际经营业务情况不符的增值税专用发票10 份,属于虚开发票行为;",增值税,,,60000,50583,"根据《税务行政处罚决定书》(常税稽二罚〔2026〕57号),决定对你单位处罚款 60000.00元,并处没收违法所得 50583.00元。",,2026-07-01,,2026-08-24,2026-08-26,完整文书,税务机关官网,已核验,https://jiangsu.chinatax.gov.cn/art/2026/7/1/art_9280_1757244.html,,,国家税务总局江苏省税务局网站 通知公告 国家税务总局常州市税务局第二稽查局关于送达常州金富纸业有限公司《税务处理决定书》《税务行政处罚决定书》的公告,正常,Excel 与 CSV 历史数据已合并核对。
98,CASE-523e02525d6af234,DOC-4f939e2e3176e251,贵州省,贵阳市,,国家税务总局贵阳市税务局第三稽查局,国家税务总局贵阳市税务局第三稽查局,观山湖区果二乎生鲜超市(个体工商户),,,税务处理决定书,筑税三稽处〔2026〕32号,筑税三稽处〔2026〕32号,筑税三稽罚〔2026〕36号,,,,,,,,,2026-06-30,,2026-08-20,2026-08-26,仅公告送达/仅文号线索,税务机关官网,已核验,https://guizhou.chinatax.gov.cn/sjpd/gys/tzgg_59631/202606/t20260630_90568353.html,https://guizhou.chinatax.gov.cn/sjpd/gys/tzgg_59631/202606/P020260630346719389226.doc,,国家税务总局贵阳市税务局第三稽查局关于送达税务处理决定书、税务行政处罚决定书的公告,附件正常,Excel 与 CSV 历史数据已合并核对。
99,CASE-523e02525d6af234,DOC-687db09505027d1e,贵州省,贵阳市,,国家税务总局贵阳市税务局第三稽查局,国家税务总局贵阳市税务局第三稽查局,观山湖区果二乎生鲜超市(个体工商户),,,税务行政处罚决定书,筑税三稽罚〔2026〕36号,筑税三稽处〔2026〕32号,筑税三稽罚〔2026〕36号,,,,,,,,,2026-06-30,,2026-08-20,2026-08-26,仅公告送达/仅文号线索,税务机关官网,已核验,https://guizhou.chinatax.gov.cn/sjpd/gys/tzgg_59631/202606/t20260630_90568353.html,https://guizhou.chinatax.gov.cn/sjpd/gys/tzgg_59631/202606/P020260630346719389226.doc,,国家税务总局贵阳市税务局第三稽查局关于送达税务处理决定书、税务行政处罚决定书的公告,附件正常,Excel 与 CSV 历史数据已合并核对。
18,CASE-3f564fd9992b1ae3,DOC-c34e1d13286aafe2,福建省,泉州市,,国家税务总局泉州市税务局第二稽查局,国家税务总局泉州市税务局第二稽查局,泉州隆鸿服装制造有限公司,91350525MA8U3U963L,,税务处理决定书,泉税二稽处〔2026〕107号,泉税二稽处〔2026〕107号,,"日对你公司税收违法事实依法作出《税务处理决定书》(泉税二稽处〔 涉税情况进行了检查,查明违法事实及处理决定如下: 年你公司在无真实货物交易的情况下,取得河南中弘纺织有限公司虚开的 项之规定,你公司上述受票行为已构成让他人为自己开具与实际经营业务情况不符的发票,属于让他人为自己虚开发票行为 年期间,你公司在无真实货物交易的情况下,取得开封兴旺纺织品有限公司虚开的 项之规定,你公司上述受票行为已构成让他人为自己开具与实际经营业务情况不符的发票,属于让他人为自己虚开发票行为 上述违法事实有检查人员实地检查资料、电话拨打记录、邮寄退回函件、《已证实虚开通知单》等相关受托协查资料、主管税务机关出具的《已抵扣证明》、《情况说明》和你公司的申报纳税资料、银行账户流水等 号第三次修订)第二十一条第二款第二项之规定,认定你公司让他人为自己虚开 号第二次修订)第九条和《国家税务总局关于纳税人虚开增值税专用发票征补税款问题的公告》(国家税务总局公告〔 号)之规定,对你公司取得上述已证实虚开的 之规定,决定向你公司追缴少缴的城市维护建设税-增值税附征 号)第一条之规定,你公司已走逃失联,取得虚开增值税专用发票不得作为税前扣除凭证,且未提供相关资料证实其支出真实性,相应支出不得在发生年度税前扣除,应调增企业所得税应纳税所得额,决定追缴你公司 规定,决定向你公司追缴少缴的教育费附加-增值税附征 规定,决定向你公司追缴少缴的地方教育附加-增值税附征",增值税、企业所得税、城市维护建设税、教育费附加、地方教育附加,,,,,"由于你公司走逃失联、相关人员无法联系,致使上述文书采取直接送达、邮寄送达等其他方式均无法送达,现根据《中华人民共和国税收征收管理法实施细则》第一百零六条第二项的规定,将上述文书主要内容予以公告送达,自公告之日起满 号)第一条之规定,你公司已走逃失联,取得虚开增值税专用发票不得作为税前扣除凭证,且未提供相关资料证实其支出真实性,相应支出不得在发生年度税前扣除,应调增企业所得税应纳税所得额,决定追缴你公司 (五)根据《中华人民共和国税收征收管理法》第三十二条之规定,对你公司上述应补缴税款按税款所属时间从税款滞纳之日起按日加收万分之五滞纳金",,2026-06-29,,2026-07-26,2026-08-26,完整文书,税务机关官网,已核验,https://fujian.chinatax.gov.cn/qzsswj/xxgk/sjxxgk/qtgg_23603/202606/t20260626_639804.htm,,,"关于对泉州隆鸿服装制造有限公司《税务处理决定书》送达的公告 _
 其他公告 _
 国家税务总局泉州市税务局",正常,Excel 与 CSV 历史数据已合并核对。
53,CASE-8c6b87b21795f1c9,DOC-91c333727d39b87a,福建省,福州市,仓山区,国家税务总局福州市税务局,国家税务总局福州市税务局稽查局,福建柏鹤龙发展有限公司,91350105MA346FK076,,税务处理决定书,榕税稽处〔2026〕71号,榕税稽处〔2026〕71号,,"我局于2024年5月22日至2026年6月1日对你公司(地址:福建省福州市仓山区金山街道浦上大道200号红星晶海广场(福州红星国际)2#写字楼12层05写字间)2021年1月1日至2024年3月31日涉税情况进行了检查,违法事实及处理决定如下: 你公司走逃失联,未提供出口货物对应的备案单证资料,其中收到上游供货企业开具的已证实虚开增值税专用发票217份,金额24371793.58元,税额3168333.16元(具体明细见附件),其中216份用于申报出口退税,取得退税款3155480.2元。 (一)根据《财务部 国家税务总局关于出口货物劳务增值税和消费税政策的通知》(财税〔2012〕39号)第七条第一项第5目、第九条第二项第5目、《国家税务总局关于<出口货物劳务增值税和消费税管理办法>有关问题的公告》(国家税务总局公告2013年第12号)第五条第九项第1目、《国家税务总局关于发布<出口业务增值税和消费税退(免)税管理办法>的公告》(国家税务总局公告2026年第5号)第五十七条第一项、《财政部 税务总局关于出口业务增值税和消费税政策的公告》 (财税〔2026〕11号)第七条第一项第5目、第九条第二项第3目的规定,你公司取得上游企业开具的已证实虚开增值税专用发票(金额24371793.58元,税额3168333.16元,价税合计27540126.74元),不适用增值税退(免)税和免税政策的规定,应追缴你公司取得虚开增值税专用发票的出口退税款3155480.2元。 你公司取得的宜春童舒针织品有限公司开具的1份增值税专用发票(发票代码3600221130,发票号码05340144,金额98868.94元,税额12852.96元),暂未申报出口退税,不得作为增值税合法有效的扣税凭证抵扣进项税额,不得用于增值税出口退税,不得作为企业所得税税前扣除凭证。",增值税、企业所得税、消费税、城市维护建设税、教育费附加、地方教育附加,3155480.2,,,,"我局于2026年6月18日对你公司作出《税务处理决定书》(榕税稽处〔2026〕71号),由于你公司失联,采用直接送达、委托送达、邮寄送达、留置送达的方式无法送达,现根据《中华人民共和国税收征收管理法实施细则》第106条规定,将该文书予以公告送达,自公告之日起满30日视为送达。 (一)根据《财务部 国家税务总局关于出口货物劳务增值税和消费税政策的通知》(财税〔2012〕39号)第七条第一项第5目、第九条第二项第5目、《国家税务总局关于<出口货物劳务增值税和消费税管理办法>有关问题的公告》(国家税务总局公告2013年第12号)第五条第九项第1目、《国家税务总局关于发布<出口业务增值税和消费税退(免)税管理办法>的公告》(国家税务总局公告2026年第5号)第五十七条第一项、《财政部 税务总局关于出口业务增值税和消费税政策的公告》 (财税〔2026〕11号)第七条第一项第5目、第九条第二项第3目的规定,你公司取得上游企业开具的已证实虚开增值税专用发票(金额24371793.58元,税额3168333.16元,价税合计27540126.74元),不适用增值税退(免)税和免税政策的规定,应追缴你公司取得虚开增值税专用发票的出口退税款3155480.2元。 (四)根据《国家税务总局关于<出口货物劳务增值税和消费税管理办法>有关问题的公告》(国家税务总局公告2013年第12号)第五条第八项、《财政部国家税务总局关于出口货物劳务增值税和消费税政策的通知》(财税〔2012〕39号)第九条第二项第5目、《财政部 税务总局关于出口业务增值税和消费税政策的公告》(财税〔2026〕11号)第六条第一项第1目第(17),对于你公司未按规定进行单证备案的情况,属于不应退税或免税但已实际退税或免税的情形,追缴检查属期内已退税款43131980.84元,扣除上述第(一)点的追缴金额3155480.2元,应追缴税款39976500.64元。",,2026-06-25,,2026-08-15,2026-08-26,完整文书,税务机关官网,已核验,https://fujian.chinatax.gov.cn/fzsswj/xxgk/gsgg/qtl/202606/t20260625_639700.htm,https://fujian.chinatax.gov.cn/fzsswj/xxgk/gsgg/qtl/202606/P020260625330950223658.doc,,"关于送达福建柏鹤龙发展有限公司《税务处理决定书》的公告 _
 其他类 _
 国家税务总局福州市税务局",附件正常,Excel 与 CSV 历史数据已合并核对。
93,CASE-81cdccb720458e58,DOC-f00a1490abc86172,广西壮族自治区,防城港市,,国家税务总局防城港市税务局,国家税务总局防城港市税务局稽查局,广西纳啸贝商贸有限公司,91450621MAEKUKKA8K,,税务行政处罚决定书,防市税稽罚〔2026〕7号,,防市税稽罚〔2026〕7号,"我局于2026年1月9日至2026年4月22日对你公司(地址:广西壮族自治区防城港市上思县思阳镇龙江半岛花园R4-12幢107号)2025年6月3日至2025年12月31日期间的涉税情况进行了检查,违法事实及处罚决定如下: (1)经查询增值税发票电子底账系统,你公司2025年6月开具给青岛本帮服商贸有限公司增值税电子专用发票共计36份,其中18份正数发票于2025年6月17日开具,发票号码分别为:25452000000066247181、25452000000066247212、25452000000066247309、25452000000066247346、25452000000066247576、25452000000066247771、25452000000066248597、25452000000066256136、25452000000066256849、25452000000066266285、25452000000066275569、25452000000066275993、25452000000066284961、25452000000066285200、25452000000066285250、25452000000066285473、25452000000066285995、25452000000066294779,以上发票金额共计4,424,778.75元、税额共计575,221.25元、价税合计5,000,000元; 经查询金税三期税收管理系统,你公司2025年6月开具上述39份发票,发票金额合计1,230,663.72元,税额合计159,986.28元,以上开具的增值税电子专用发票未申报纳税。",增值税,,,200000,,"逾期不缴纳罚款,我局可依照《中华人民共和国行政处罚法》第七十二条第一款第(一)项的规定,每日按罚款数额的百分之三加处罚款。",2026-04-22,2026-06-22,,2026-08-20,2026-08-26,完整文书,税务机关官网,已核验,https://guangxi.chinatax.gov.cn/fangchenggang/tzgg_15261/tzgg_15262/202606/t20260622_434792.html,https://guangxi.chinatax.gov.cn/fangchenggang/tzgg_15261/tzgg_15262/202606/P020260622389669214232.docx,,国家税务总局防城港市税务局稽查局税务文书送达公告_国家税务总局防城港市税务局,附件正常,Excel 与 CSV 历史数据已合并核对。
1,CASE-717dfe3250926214,DOC-7df9c075e55777a1,江苏省,泰州市,,国家税务总局泰州市税务局第一稽查局,国家税务总局泰州市税务局第一稽查局,靖江市长凌金属材料有限公司,91321282742461893K,,税务行政处罚决定书,泰税一稽罚〔2025〕54号,,泰税一稽罚〔2025〕54号,,,,,,,,,2026-06-18,,2026-07-26,2026-08-26,仅公告送达/仅文号线索,税务机关官网,已核验,https://jiangsu.chinatax.gov.cn/art/2026/6/18/art_9386_1751985.html,,,国家税务总局江苏省税务局网站 通知公告 关于撤销《税务行政处罚决定书》的公告,正常,官方页面显示该决定书已被撤销。 Excel 与 CSV 历史数据已合并核对。
15,CASE-a62e569c195adc3c,DOC-b1dda915d4e6117d,贵州省,遵义市,,国家税务总局遵义市税务局第一稽查局,国家税务总局遵义市税务局第一稽查局,贵州服格定商贸有限公司,91520302MABUEHN034,,税务处理决定书,遵税一稽处〔2026〕30号,遵税一稽处〔2026〕30号,,"情况进行了检查,违法事实及处理决定如下: 2023年度开具增值税电子普通发票合计金额36,788.18元,税额905.82元,价税37,694.00元,未申报纳税,并且你公司从2023年起所有税种没有进行纳税申报。",增值税,,,,,,,2026-06-12,,2026-07-26,2026-08-26,完整文书,税务机关官网,已核验,https://guizhou.chinatax.gov.cn/sjpd/zys/tzgg_59682/202606/t20260612_90517732.html,,,国家税务总局遵义市税务局第一稽查局税务处理决定书(遵税一稽处〔2026〕30 号),正常,Excel 与 CSV 历史数据已合并核对。
6,CASE-13a8aac51595155a,DOC-7189c9a2cee8e8ce,浙江省,温州市,,国家税务总局温州市税务局第三稽查局,国家税务总局温州市税务局第三稽查局,温作潘,,,税务处理决定书,温税三稽处〔2026〕100号,温税三稽处〔2026〕100号,温税三稽罚〔2026〕65号,,,,,,,,,2026-06-02,,2026-07-26,2026-08-26,仅公告送达/仅文号线索,税务机关官网,已核验,https://zhejiang.chinatax.gov.cn/art/2026/6/2/art_8884_655536.html,https://zhejiang.chinatax.gov.cn/module/download/downfile.jsp?classid=0&filename=a26d0b31cfe043faa366f8ada534376f.doc,,国家税务总局浙江省税务局 通知公告 国家税务总局温州市税务局第三稽查局关于对温作潘的税务文书送达公告,附件正常,Excel 与 CSV 历史数据已合并核对。
7,CASE-13a8aac51595155a,DOC-02fc2468fd0396a6,浙江省,温州市,,国家税务总局温州市税务局第三稽查局,国家税务总局温州市税务局第三稽查局,温作潘,,,税务行政处罚决定书,温税三稽罚〔2026〕65号,温税三稽处〔2026〕100号,温税三稽罚〔2026〕65号,,,,,,,,,2026-06-02,,2026-07-26,2026-08-26,仅公告送达/仅文号线索,税务机关官网,已核验,https://zhejiang.chinatax.gov.cn/art/2026/6/2/art_8884_655536.html,https://zhejiang.chinatax.gov.cn/module/download/downfile.jsp?classid=0&filename=479445eec5ed42a59ca413c583671569.doc,,国家税务总局浙江省税务局 通知公告 国家税务总局温州市税务局第三稽查局关于对温作潘的税务文书送达公告,附件正常,Excel 与 CSV 历史数据已合并核对。
70,CASE-a4d9a55b48b2fef9,DOC-efa04f059f5696ba,河南省,平顶山市,,国家税务总局平顶山市税务局第三稽查局,国家税务总局平顶山市税务局第三稽查局,鲁山县应鑫实业有限公司,91410423057216515C,,税务处理决定书,平税稽三局处〔2026〕13号,平税稽三局处〔2026〕13号,,,,,,,,,,2026-05-21,,2026-08-20,2026-08-26,仅公告送达/仅文号线索,税务机关官网,已核验,https://henan.chinatax.gov.cn/pingdingshan/2026/05-21/137810.html,,,国家税务总局平顶山市税务局第三稽查局 《税务处理决定书》送达公告 - 国家税务总局平顶山市税务局,正常,Excel 与 CSV 历史数据已合并核对。
100,CASE-81aa63572a8100cf,DOC-73c94781594df0ec,海南省,文昌市,,国家税务总局文昌市税务局,,澜瑾企业服务(海南经济特区)有限责任公司,91460000MAEW583F2G,,税务行政处罚决定书,文昌税潭牛局简罚〔2026〕57号,,文昌税潭牛局简罚〔2026〕57号,,,,,,,,,2026-05-20,,2026-08-20,2026-08-26,仅公告送达/仅文号线索,税务机关官网,已核验,https://hainan.chinatax.gov.cn/sxpd_8_4/20165215.html,https://hainan.chinatax.gov.cn/u/cms/www/202605/251057213y1y.jpg,,国家税务总局文昌市税务局税务文书送达公告 2026年第4号,正常,Excel 与 CSV 历史数据已合并核对。
71,CASE-bf599f0e3bfb556c,DOC-da4c0c511d755a7e,河南省,洛阳市,,国家税务总局洛阳市税务局第一稽查局,国家税务总局洛阳市税务局第一稽查局,洛阳达文木制品有限公司,91410303MAE8282C36,,税务处理决定书,洛税一稽处〔2026〕32号,洛税一稽处〔2026〕32号,,,,,,,,,,2026-05-14,,2026-08-20,2026-08-26,仅公告送达/仅文号线索,税务机关官网,已核验,https://henan.chinatax.gov.cn/luoyang/2026/05-14/137613.html,https://henan.chinatax.gov.cn/upload/4710000001/20260514/1778743483946o7Ufp6Cc.pdf,,国家税务总局洛阳市税务局第一稽查局关于送达洛阳达文木制品有限公司《税务处理决定书》(洛税一稽处〔2026〕32 号)的公告 - 国家税务总局洛阳市税务局,附件正常,"字段“决定书文号”存在冲突:保留原值“洛税一稽处〔2026〕32号”,新值“洛阳市税务局第一稽查局洛税一稽处〔2026〕32号”未静默覆盖。 Excel 与 CSV 历史数据已合并核对。"
85,CASE-d60b48abd239e6dc,DOC-59588228be4e37b3,浙江省,嘉兴市,,国家税务总局嘉兴市税务局第一稽查局,国家税务总局嘉兴市税务局第一稽查局,浙江炫鑫果品有限公司,91330402MA7KN8NR26,,税务行政处罚决定书,嘉税一稽罚〔2026〕70号,,嘉税一稽罚〔2026〕70号,"我局于2025年9月8日至2026年2月25日对你单位(地址:浙江省嘉兴市南湖区建设街道秀州南路康达公寓1幢店面9号-3)2022年1月1日至2024年12月31日纳税情况进行了检查,你单位存在违法事实及处罚决定如下: 你单位进行虚假注册,存在开具增值税专用发票(均为电子专票)后走逃失联等行为,根据《国家税务总局关于走逃(失联)企业开具增值税专用发票认定处理有关问题的公告》(国家税务总局2016年第76号公告)、《国家税务总局关于走逃(失联)涉嫌虚开增值税专用发票检查问题的通知》(税总发〔2016〕172号)的有关规定,你单位于2023年至2024年开具的增值税专用发票25份(均为电子专票),金额1240632.62元、税额111656.93元、价税合计1352289.55元,为虚开发票。 根据《中华人民共和国发票管理办法》(国务院令第764 号)第二十一条第一项“为他人、为自己开具与实际经营业务情况不符的发票”的规定,你单位上述虚开发票行为,属于为他人开具与实际经营业务情况不符的发票。 根据《中华人民共和国发票管理办法》(中华人民共和国国务院令第764号)第三十五条,我局对你单位虚开增值税专用发票行为处以100000.00元罚款。",增值税、企业所得税,,,100000,,"到期不缴纳罚款,我局可依照《中华人民共和国行政处罚法》第七十二条第一款第(一)项规定,每日按罚款数额的百分之三加处罚款。",2026-02-25,2026-05-14,,2026-08-20,2026-08-26,完整文书,税务机关官网,已核验,https://zhejiang.chinatax.gov.cn/art/2026/5/14/art_17803_654691.html,https://zhejiang.chinatax.gov.cn/module/download/downfile.jsp?classid=0&filename=7682d7f889ce47a59f22a779b8c6a5f3.docx,,国家税务总局浙江省税务局 通知公告 国家税务总局嘉兴市税务局第一稽查局关于送达《税务行政处罚决定书》和《纳税信用修复告知书》的公告(嘉税一稽公告(2026)28号),附件正常,Excel 与 CSV 历史数据已合并核对。
17,CASE-f8625e66b291a216,DOC-7970511393924720,贵州省,贵阳市,,国家税务总局贵阳市税务局第二稽查局,国家税务总局贵阳市税务局第二稽查局,贵州翰缤商贸有限公司,91520114MAAK1C546F,,税务处理决定书,筑税二稽处〔2026〕27号,筑税二稽处〔2026〕27号,,,,,,,,,,2026-05-14,,2026-07-26,2026-08-26,仅公告送达/仅文号线索,税务机关官网,已核验,https://guizhou.chinatax.gov.cn/sjpd/gys/tzgg_59631/202605/t20260514_90173539.html,,,国家税务总局贵阳市税务局第二稽查局关于送达《税务处理决定书》的公告,正常,Excel 与 CSV 历史数据已合并核对。
63,CASE-3c22bee8efeeda32,DOC-a4f3d62d0508192b,云南省,楚雄彝族自治州,,国家税务总局楚雄彝族自治州税务局第三稽查局,国家税务总局楚雄彝族自治州税务局第三稽查局,云南晟执乾商贸有限公司,91532329MAEMRQD70T,,税务处理决定书,楚税三稽处〔2026〕8号,楚税三稽处〔2026〕8号,,,,,,,,,,2026-05-12,,2026-08-15,2026-08-26,仅公告送达/仅文号线索,税务机关官网,已核验,https://yunnan.chinatax.gov.cn/art/2026/5/12/art_3948_88659.html,https://yunnan.chinatax.gov.cn/module/download/downfile.jsp?classid=0&filename=fbc466df9b164f949a4770fd0efa1164.pdf,,国家税务总局云南省税务局 通知公告 国家税务总局楚雄彝族自治州税务局第三稽查局关于送达云南晟执乾商贸有限公司《税务处理决定书》的公告,附件正常,Excel 与 CSV 历史数据已合并核对。
96,CASE-1c2ae5f454722d37,DOC-dd94380a0541f6d2,贵州省,贵阳市,,国家税务总局贵阳市税务局第二稽查局,国家税务总局贵阳市税务局第二稽查局,贵州大棕华健康家居有限公司,91520102MACBTLD74G,,税务处理决定书,筑税二稽处〔2026〕24号,筑税二稽处〔2026〕24号,筑税二稽罚〔2026〕65号,,,,,,,,,2026-05-08,,2026-08-20,2026-08-26,仅公告送达/仅文号线索,税务机关官网,已核验,https://guizhou.chinatax.gov.cn/sjpd/gys/tzgg_59631/202605/t20260508_90149065.html,,,国家税务总局贵阳市税务局第二稽查局关于送达《税务处理决定书》《税务行政处罚决定书》的公告,正常,Excel 与 CSV 历史数据已合并核对。
97,CASE-1c2ae5f454722d37,DOC-1bbda5af59744965,贵州省,贵阳市,,国家税务总局贵阳市税务局第二稽查局,国家税务总局贵阳市税务局第二稽查局,贵州大棕华健康家居有限公司,91520102MACBTLD74G,,税务行政处罚决定书,筑税二稽罚〔2026〕65号,筑税二稽处〔2026〕24号,筑税二稽罚〔2026〕65号,,,,,,,,,2026-05-08,,2026-08-20,2026-08-26,仅公告送达/仅文号线索,税务机关官网,已核验,https://guizhou.chinatax.gov.cn/sjpd/gys/tzgg_59631/202605/t20260508_90149065.html,,,国家税务总局贵阳市税务局第二稽查局关于送达《税务处理决定书》《税务行政处罚决定书》的公告,正常,Excel 与 CSV 历史数据已合并核对。
73,CASE-f09bcc79b67a79e2,DOC-78a2d098e827ddaa,河南省,洛阳市,,国家税务总局洛阳市税务局第一稽查局,国家税务总局洛阳市税务局第一稽查局,洛阳凯金汽车销售有限公司,91410303MAE3FUXP3U,,税务处理决定书,洛税一稽处〔2026〕22号,洛税一稽处〔2026〕22号,,"我局对你单位(注册地址: 河南省洛阳市西工区邙岭大道五洲国际城D11-1320号)2024年1月1日至2025年5月31日期间涉税情况进行专项检查,违法事实及处理决定如下: 经调查,你单位存在采用注册地址虚假,短期经营走逃,且无实收资本、无固定资产、无存货、无人员工资、无运输类费用的发票信息,备案银行账户信息虚假,购销货物数量严重不符,虚假纳税申报或不申报等问题,存在明显虚开特征。 000.00元,其行为属于虚开发票行为。 (三)根据《中共中央办公厅 国务院办公厅转发国务院法制办等部门〈关于加强行政执法与刑事司法衔接工作的意见〉的通知》(中办发〔2011〕8号)第一条第三款的规定,对你单位虚开增值税专用发票的行为暂不予作出行政处罚决定,待公安机关撤销案件、人民检察院作出不起诉决定、人民法院作出无罪判决或者免",增值税,,,,,,,2026-04-21,,2026-08-20,2026-08-26,完整文书,税务机关官网,已核验,https://henan.chinatax.gov.cn/luoyang/2026/04-21/132783.html,https://henan.chinatax.gov.cn/upload/4710000001/20260514/1778730195685v6dLnedy.pdf,,国家税务总局洛阳市税务局第一稽查局税务处理决定书 洛税一稽处〔2026〕22号 - 国家税务总局洛阳市税务局,附件正常,Excel 与 CSV 历史数据已合并核对。
72,CASE-f78e9ce201452d82,DOC-15ce372f9c9bbb08,河南省,洛阳市,西工区,国家税务总局洛阳市税务局第一稽查局,国家税务总局洛阳市税务局第一稽查局,洛阳纳途汽车销售有限公司,91410303MAE3TPKP3B,,税务处理决定书,洛税一稽处〔2026〕23号,洛税一稽处〔2026〕23号,,"进行专项检查,违法事实及处理决定如下: 经调查,你单位存在虚假注册地址,短期经营走逃,且无实收资本、无固定资产、无存货、无人员工资、无运输类费用的发票信息,备案银行账户信息虚假,购销货物数量严重不符,虚假纳税申报或不申报等问题,存在明显虚开特征。 (三)根据《中共中央办公厅 国务院办公厅转发国务院法制办等部门〈关于加强行政执法与刑事司法衔接工作的意见〉的通知》(中办发〔2011〕8号)第一条第三款的规定,对你单位虚开增值税专用发票的行为暂不予作出行政处罚决定,待公安机关撤销案件、人民检察院作出不起诉决定、人民法院作出无罪判决或者免",增值税,,,,,,,2026-04-21,,2026-08-20,2026-08-26,完整文书,税务机关官网,已核验,https://henan.chinatax.gov.cn/luoyang/2026/04-21/132775.html,https://henan.chinatax.gov.cn/upload/4710000001/20260514/177874248117627FAxVd9.pdf,,国家税务总局洛阳市税务局第一稽查局税务处理决定书 洛税一稽处〔2026〕23 号 - 国家税务总局洛阳市税务局,附件正常,Excel 与 CSV 历史数据已合并核对。
62,CASE-8ad048252137a915,DOC-0719b49b0466ec3f,江苏省,常州市,,国家税务总局常州市税务局第二稽查局,国家税务总局常州市税务局第二稽查局,常州跃柯隆商贸有限公司,91320412MAENMTKR0P,,税务处理决定书,常税稽二处〔2026〕57号,常税稽二处〔2026〕57号,,"根据《税务处理决定书》(常税稽二处〔2026〕57号),你单位让他人为自己开具与实际经营业务情况不符的增值税电子专用发票 2 份以及为他人开具与实际经营业务情况不符的增值税电子专用发票 72 份,属于虚开发票行为。",增值税,,,,,,,2026-04-16,,2026-08-15,2026-08-26,完整文书,税务机关官网,已核验,https://jiangsu.chinatax.gov.cn/art/2026/4/16/art_9280_1729318.html,,,国家税务总局江苏省税务局网站 通知公告 国家税务总局常州市税务局第二稽查局关于送达常州跃柯隆商贸有限公司税务处理决定书的公告,正常,Excel 与 CSV 历史数据已合并核对。
118,CASE-19ac83ce45eed77e,DOC-10aa252af6524cfb,江苏省,无锡市,,国家税务总局江苏省税务局,国家税务总局无锡市税务局稽查局,无锡锦久事达商贸有限公司,,,税务处理决定书,锡税稽处〔2026〕39号,锡税稽处〔2026〕39号,,"你单位开具的1705份增值税专用发票为虚开发票,限在15日内按规定进行相关账务调整。",增值税,,,,,,,2026-04-15,,2026-08-24,2026-08-26,完整文书,税务机关官网,已核验,https://jiangsu.chinatax.gov.cn/art/2026/4/15/art_9193_1728547.html,,,国家税务总局江苏省税务局网站 通知公告 国家税务总局无锡市税务局稽查局关于送达税务处理决定书的公告(无锡锦久事达商贸有限公司),正常,Excel 与 CSV 历史数据已合并核对。
103,CASE-e40d107c68519ec9,DOC-9ef391c9693605f7,江苏省,连云港市,,国家税务总局连云港市税务局第二稽查局,国家税务总局连云港市税务局第二稽查局,江苏韵书澜贸易有限公司,91320791MAEC2E07XC,,税务处理决定书,连税稽二处〔2026〕28号,连税稽二处〔2026〕28号,,"我局(所)于2026年2月6日至2026年4月13日对你(单位)(地址:中国(江苏)自由贸易试验区连云港片区经济技术开发区盐池西路7号办公楼201-186号)2025年1月1日至2025年12月30日涉税情况进行了检查,违法事实及处理决定如下: 且你单位唯一上游泰州南顺含贸易有限公司(以下简称泰州南顺含),已被泰州市稽查局认定为虚开发票走逃失联企业。 经查,你单位自2025年7月15日申报增值税、城市维护建设税、教育费附加、地方教育附加、企业所得税后,一直未有申报。 经查询税收大数据管理平台的交易对象,上游无水电费、房租费、运输费等受票信息。 根据《中华人民共和国发票管理办法》(中华人民共和国国务院令第764号)第二十一条之规定,你单位为他人开具与实际经营业务情况不符的发票,定性为虚开发票,不含税金额3785138.94元,税额492068.06元,价税合计4277207元。",增值税、企业所得税、城市维护建设税、教育费附加、地方教育附加,,,,,,2026-04-14,2026-04-14,,2026-08-20,2026-08-26,完整文书,税务机关官网,已核验,https://jiangsu.chinatax.gov.cn/art/2026/4/14/art_9508_1728277.html,https://jiangsu.chinatax.gov.cn/module/download/downfile.jsp?classid=0&filename=6ef8cd25dfb2405da8ea6dbb203c2019.docx,,国家税务总局江苏省税务局网站 通知公告 国家税务总局连云港市税务局第二稽查局税务处理决定书送达公告,附件正常,Excel 与 CSV 历史数据已合并核对。
105,CASE-7340a0efacb01147,DOC-026a5ef7f0de1dbe,浙江省,嘉兴市,,国家税务总局嘉兴市税务局第二稽查局,国家税务总局嘉兴市税务局第二稽查局,桐乡市高峰贸易有限公司,91330483MA29HEQL72,,税务处理决定书,嘉税二稽处〔2026〕45号,嘉税二稽处〔2026〕45号,,"我局于2025年9月15日至2026年3月23日对你单位(地址:桐乡市梧桐街道振兴西路1幢二楼)2009年1月1日至2017年12月31日涉税情况进行了检查,你单位存在以下违法事实: 无其他的税款入库记录,你单位计税依据错误,少缴城镇土地使用税。 根据《中华人民共和国企业所得税法》第一条、第二条、第三条、第四条、第五条、第六条、第二十二条、第五十三条及《国家税务总局关于发布〈企业政策性搬迁所得税管理办法〉的公告》(国家税务总局公告2012年第40号)第三条、第五条、第六条、第十六条的规定,你单位在收到政府土地征收补偿款后直接分配给8名股东,但你单位未将取得的应计入收入总额的财政性资金申报纳税,经计算少缴企业所得税8430203.25元。 根据《中华人民共和国城镇土地使用税暂行条例》第一条、第二条、第三条、第四条、第八条、《调整城镇土地使用税政策促进土地集约节约利用实施办法(试行)》(桐政办发〔2014〕67号)、《调整城镇土地使用税政策促进土地集约节约利用实施办法》(桐政办发〔2015〕98号)的规定,你单位未按规定申报城镇土地使用税,少缴2009年至2017年度城镇土地使用税共计247749.94元。 上述少缴企业所得税、城镇土地使用税的行为已构成偷税,少扣缴个人所得税的行为已构成扣缴义务人不履行代扣代缴义务。",企业所得税、个人所得税、城镇土地使用税,,,,,,,2026-04-14,,2026-08-20,2026-08-26,完整文书,税务机关官网,已核验,https://zhejiang.chinatax.gov.cn/art/2026/4/14/art_8938_653457.html,https://zhejiang.chinatax.gov.cn/module/download/downfile.jsp?classid=0&filename=a4da719cc4b8483f8e628abbcd274b19.doc,,国家税务总局浙江省税务局 通知公告 国家税务总局嘉兴市税务局第二稽查局关于送达《税务处理决定书》(嘉税二稽处〔2026〕45号)、《不予税务行政处罚决定书》(嘉税二稽不罚〔2026〕4号)的公告嘉税二稽公告〔2026〕43号,附件正常,Excel 与 CSV 历史数据已合并核对。
21,CASE-0f4867f7b70d12f3,DOC-6f25d6b79e123d03,贵州省,贵阳市,,国家税务总局贵阳市税务局第三稽查局,国家税务总局贵阳市税务局第三稽查局,贵州铂朗物流有限公司,91520115MAAK0DB335,,税务处理决定书,筑税三稽处〔2026〕17号,筑税三稽处〔2026〕17号,筑税三稽罚〔2026〕22号,,,,,,,,,2026-04-10,,2026-07-26,2026-08-26,仅公告送达/仅文号线索,税务机关官网,已核验,https://guizhou.chinatax.gov.cn/sjpd/gys/tzgg_59631/202604/t20260410_89979694.html,,,国家税务总局贵阳市税务局第三稽查局关于送达税务处理决定书税务行政处罚决定书的公告,正常,Excel 与 CSV 历史数据已合并核对。
22,CASE-0f4867f7b70d12f3,DOC-e8233eb0e06b6e3e,贵州省,贵阳市,,国家税务总局贵阳市税务局第三稽查局,国家税务总局贵阳市税务局第三稽查局,贵州铂朗物流有限公司,91520115MAAK0DB335,,税务行政处罚决定书,筑税三稽罚〔2026〕22号,筑税三稽处〔2026〕17号,筑税三稽罚〔2026〕22号,,,,,,,,,2026-04-10,,2026-07-26,2026-08-26,仅公告送达/仅文号线索,税务机关官网,已核验,https://guizhou.chinatax.gov.cn/sjpd/gys/tzgg_59631/202604/t20260410_89979694.html,,,国家税务总局贵阳市税务局第三稽查局关于送达税务处理决定书税务行政处罚决定书的公告,正常,Excel 与 CSV 历史数据已合并核对。
91,CASE-b1782a5113598b13,DOC-316ca7f345c80c2a,福建省,日照市,平潭综合实验区,国家税务总局海南省税务局第二稽查局,国家税务总局海南省税务局第二稽查局,福建平潭长福海运有限公司,91350128MA8U1EMF5H,,税务处理决定书,岚综实税稽处〔2026〕26号,岚综实税稽处〔2026〕26号,,"情况进行了检查,违法事实及处理决定如下: 根据国家税务总局海南省税务局第二稽查局发来的已证实虚开通知单,你公司取得海南洋浦昌源海运有限公司开具的已证实虚开的 根据国家税务总局日照市税务局第一稽查局发来的已证实虚开通知单,你公司取得山东日兴智慧物流有限公司开具的已证实虚开的2份增值税专用发票。 根据《全国人民代表大会常务委员会关于惩治虚开、伪造和非法出售增值税专用发票犯罪的决定》、(中华人民共和国主席令第57号)第一条、《中华人民共和国发票管理办法》第二十一条及《国家税务总局关于走逃(失联)企业涉嫌虚开增值税专用发票检查问题的通知》(税总发〔2016〕172号)的规定,认定你公司开具给福建嘉飞运输有限公司、响水德强物流运输有限公司等2家公司的12份增值税专用发票(涉及金额1,108,256.86元,税额99,743.14元,价税合计1,208,000.00元)为虚开增值税专用发票; 认定你公司取得山东万通石油化工集团有限公司、海南洋浦昌源海运有限公司、日照盈润海运有限公司等3家公司开具的36份增值税专用发票(涉及金额23,186,305.80元,税额2,976,922.60元,价税合计26,163,228.40元)为虚开增值税专用发票。",增值税,,,,,"号),因文书无法以直接、委托、留置、邮寄的方式送达,现根据《中华人民共和国税收征收管理法实施细则》第一百零六条规定,将该文书予以公告送达。",,2026-04-08,,2026-08-20,2026-08-26,完整文书,税务机关官网,已核验,https://fujian.chinatax.gov.cn/pingtanswj/zfxxgkzl/zfxxgkml/qtgg/202604/t20260420_633376.htm,,,"关于送达福建平潭长福海运有限公司《税务处理决定书》的公告_
 其他公告_
 国家税务总局平潭综合实验区税务局",正常,Excel 与 CSV 历史数据已合并核对。
8,CASE-136615addd5d0c0e,DOC-551df7dc5c028b27,广西壮族自治区,来宾市,,国家税务总局来宾市税务局第二稽查局,国家税务总局来宾市税务局第二稽查局,广西欣瑞木业有限公司,91451322MAD89XWX07,,税务处理决定书,来市税二稽处〔2026〕6号,来市税二稽处〔2026〕6号,来市税二稽罚〔2026〕4号,,,,,,,,,2026-04-07,,2026-07-26,2026-08-26,仅公告送达/仅文号线索,税务机关官网,已核验,https://guangxi.chinatax.gov.cn/laibin/tzgg_15610/tzgg_15611/202604/t20260407_431551.html,,,国家税务总局来宾市税务局第二稽查局 关于送达《税务处理决定书》、《税务行政处罚决定书》、《纳税缴费信用修复事项告知书》的公告_国家税务总局来宾市税务局,正常,Excel 与 CSV 历史数据已合并核对。
9,CASE-136615addd5d0c0e,DOC-21f0193b66d5c3e9,广西壮族自治区,来宾市,,国家税务总局来宾市税务局第二稽查局,国家税务总局来宾市税务局第二稽查局,广西欣瑞木业有限公司,91451322MAD89XWX07,,税务行政处罚决定书,来市税二稽罚〔2026〕4号,来市税二稽处〔2026〕6号,来市税二稽罚〔2026〕4号,,,,,,,,,2026-04-07,,2026-07-26,2026-08-26,仅公告送达/仅文号线索,税务机关官网,已核验,https://guangxi.chinatax.gov.cn/laibin/tzgg_15610/tzgg_15611/202604/t20260407_431551.html,,,国家税务总局来宾市税务局第二稽查局 关于送达《税务处理决定书》、《税务行政处罚决定书》、《纳税缴费信用修复事项告知书》的公告_国家税务总局来宾市税务局,正常,Excel 与 CSV 历史数据已合并核对。
68,CASE-eb7e9c22bd97f211,DOC-4c99e9a228472ee1,江苏省,无锡市,,国家税务总局无锡市税务局第一稽查局,国家税务总局无锡市税务局第一稽查局,宜兴市华欧金属材料有限公司,91320282MA1MMJ8YXD,,税务处理决定书,锡税一稽处〔2026〕71号,锡税一稽处〔2026〕71号,,,,,,,,,,2026-03-30,,2026-08-16,2026-08-26,仅公告送达/仅文号线索,税务机关官网,已核验,https://jiangsu.chinatax.gov.cn/art/2026/3/30/art_9193_1723021.html,,,国家税务总局江苏省税务局网站 通知公告 国家税务总局无锡市税务局第一稽查局关于送达《税务处理决定书》的公告(宜兴市华欧金属材料有限公司),正常,Excel 与 CSV 历史数据已合并核对。
12,CASE-393a878d93a22709,DOC-cda8cba853896b18,广东省,广州市,番禺区,国家税务总局广州市番禺区税务局,,广州赞荣服装有限公司,91440113MA59AJFJ1J,,税务行政处罚决定书,穗番税退罚字〔2026〕1号,,穗番税退罚字〔2026〕1号,,,,,,,,,2026-03-10,,2026-07-26,2026-08-26,仅公告送达/仅文号线索,税务机关官网,待核验,https://guangdong.chinatax.gov.cn/gzgkml/gzpygkml_qttzgg/2026-03/10/content_eb8286934b304a0eadc8075e735146e9.shtml,https://guangdong.chinatax.gov.cn/gzgkml/gzpygkml_qttzgg/2026-03/10/eb8286934b304a0eadc8075e735146e9/files/9106998a494649509318ac517c54c9f7.pdf,,国家税务总局广州市番禺区税务局关于送达税务行政处罚告知书的公告,内容不匹配,"页面标题与正文/附件文书类型不一致,需人工复核。 Excel 与 CSV 历史数据已合并核对。"
10,CASE-f94bf08964abff5a,DOC-4574b1aadef8f30d,江苏省,常州市,,国家税务总局江苏省税务局,国家税务总局常州市税务局稽查局,常州市文杰车辆配件厂,91320411799075280A,朱某,税务处理决定书,常税稽处〔2026〕73号,常税稽处〔2026〕73号,,"月1日至2025年7月15日涉税情况进行了检查, 违法事实及处 述发票已被常州市税务局第一稽查局定性为虚开。 资金往来时,亦与严某个人账户存在交易,虚开团伙利用严某个 人账户提前向你单位垫付虚开资金, 你单位后通过对公账户向虚 簿上虚列进项税额及虚列支出,达到少缴税款的目的。 家税务总局关于纳税人虚开增值税专用发票征补税款问题的公",增值税、城市维护建设税、教育费附加、地方教育附加,179137.12,,,,"份,需要补缴2017年9月增值税16211.46元,城市维护建设税 需要补缴增值税22261.06元,城市维护建设税1558.27元,教 需要补缴增值税36353.98元,城市维护建设税2544.78元,教 需要补缴增值税24057.63元,城市维护建设税1684.03元,教 需要补缴增值税19468.89元,城市维护建设税1362.82元,教 需要补缴增值税21794.95元,城市维护建设税1525.65元,教 需要补缴增值税32586.07元,城市维护建设税2281.02元,教 金额,需要补缴增值税644.16元,城市维护建设税45.09元, 金额,需要补缴增值税30.21元,城市维护建设税2.11元,教 金额,需要补缴增值税1264.25元,城市维护建设税88.5元, 金额,需要补缴增值税4464.46元,城市维护建设税312.51元, 合计需补缴增值税179137.12元, 城市维护建设税12539.58 本次检查决定追缴少申报缴纳的增值税179137.12元、 城市",2026-01-22,2026-03-09,,2026-07-26,2026-08-26,完整文书,税务机关官网,已核验,https://jiangsu.chinatax.gov.cn/art/2026/3/9/art_9280_1729480.html,https://jiangsu.chinatax.gov.cn/module/download/downfile.jsp?classid=0&filename=9c45e487f6ab4720b06ffe3d80e1587a.pdf&showname=%E9%99%84%E4%BB%B6%EF%BC%9A%E5%B8%B8%E5%B7%9E%E5%B8%82%E6%96%87%E6%9D%B0%E8%BD%A6%E8%BE%86%E9%85%8D%E4%BB%B6%E5%8E%82%E3%80%8A%E7%A8%8E%E5%8A%A1%E5%A4%84%E7%90%86%E5%86%B3%E5%AE%9A%E4%B9%A6%E3%80%8B%EF%BC%88%E5%B8%B8%E7%A8%8E%E7%A8%BD%E5%A4%84%E3%80%942026%E3%80%9573%E5%8F%B7%EF%BC%89.pdf,,国家税务总局江苏省税务局网站 通知公告 国家税务总局常州市税务局稽查局关于送达常州市文杰车辆配件厂《税务处理决定书》的公告,附件正常,Excel 与 CSV 历史数据已合并核对。 字段“主要违法事实”已根据官方附件重新解析。 字段“处理或处罚结果”已根据官方附件重新解析。
104,CASE-cd07b952e6e3cbfe,DOC-b08bd7ef9ec8845c,浙江省,嘉兴市,,国家税务总局嘉兴市税务局第一稽查局,国家税务总局嘉兴市税务局第一稽查局,嘉兴市全胜贵金属有限公司,91330400MA28A96A7D,,税务处理决定书,嘉税一稽处〔2026〕41号,嘉税一稽处〔2026〕41号,,,,,,,,,,2026-03-09,,2026-08-20,2026-08-26,仅公告送达/仅文号线索,税务机关官网,已核验,https://zhejiang.chinatax.gov.cn/art/2026/3/9/art_8938_650394.html,https://zhejiang.chinatax.gov.cn/module/download/downfile.jsp?classid=0&filename=933d3b4224044a22b3fe9a989b8646a3.pdf,,国家税务总局浙江省税务局 通知公告 国家税务总局嘉兴市税务局第一稽查局关于送达《税务处理决定书》的公告(嘉税一稽公告(2026)6号),附件正常,Excel 与 CSV 历史数据已合并核对。
13,CASE-0b4a4519ba4f5ad9,DOC-5376b9bae81cfc82,江苏省,常州市,,国家税务总局江苏省税务局,国家税务总局常州市税务局稽查局,常州好佳车辆配件有限公司,91320411094264460B,,税务处理决定书,常税稽处〔2026〕71号,常税稽处〔2026〕71号,,,,,,,,,,2026-03-06,,2026-07-26,2026-08-26,仅公告送达/仅文号线索,税务机关官网,已核验,https://jiangsu.chinatax.gov.cn/art/2026/3/6/art_9280_1714416.html,https://jiangsu.chinatax.gov.cn/module/download/downfile.jsp?classid=0&filename=d4716bddfade4ee7832a25e8f7b9055c.pdf&showname=%E9%99%84%E4%BB%B6%EF%BC%9A%E5%B8%B8%E5%B7%9E%E5%A5%BD%E4%BD%B3%E8%BD%A6%E8%BE%86%E9%85%8D%E4%BB%B6%E6%9C%89%E9%99%90%E5%85%AC%E5%8F%B8%E3%80%8A%E7%A8%8E%E5%8A%A1%E5%A4%84%E7%90%86%E5%86%B3%E5%AE%9A%E4%B9%A6%E3%80%8B%28%E5%B8%B8%E7%A8%8E%E7%A8%BD%E5%A4%84%E3%80%942026%E3%80%9571%E5%8F%B7%29.pdf,,国家税务总局江苏省税务局网站 通知公告 国家税务总局常州市税务局稽查局关于送达常州好佳车辆配件有限公司《税务处理决定书》的公告,附件正常,Excel 与 CSV 历史数据已合并核对。
2,CASE-61b9b55a9d3357c7,DOC-1228a9c92b2b0632,江苏省,常州市,,国家税务总局常州市税务局第一稽查局,国家税务总局常州市税务局第一稽查局,常州市三鹏机械有限公司,91320404732260748Q,,税务处理决定书,常税稽一处〔2026〕35号,常税稽一处〔2026〕35号,常税稽一罚〔2026〕14号,,增值税、城市维护建设税、教育费附加、地方教育附加,63464.09,,,,根据《税务处理决定书》(常税稽一处〔2026〕35号)应追缴你单位增值税56664.36元、城市维护建设税3966.51元、教育费附加1699.93元、地方教育附加1133.29元; 根据《税务行政处罚决定书》(常税稽一罚〔2026〕14号)应对你单位处罚款20000元。,,2026-02-13,,2026-07-26,2026-08-26,完整文书,税务机关官网,已核验,https://jiangsu.chinatax.gov.cn/art/2026/2/13/art_9280_1708266.html,,,国家税务总局江苏省税务局网站 通知公告 国家税务总局常州市税务局第一稽查局关于送达常州市三鹏机械有限公司《税务处理决定书》和《税务行政处罚决定书》的公告,正常,Excel 与 CSV 历史数据已合并核对。
3,CASE-61b9b55a9d3357c7,DOC-b97456a64b153f67,江苏省,常州市,,国家税务总局常州市税务局第一稽查局,国家税务总局常州市税务局第一稽查局,常州市三鹏机械有限公司,91320404732260748Q,,税务行政处罚决定书,常税稽一罚〔2026〕14号,常税稽一处〔2026〕35号,常税稽一罚〔2026〕14号,,增值税、城市维护建设税、教育费附加、地方教育附加,,,20000,,根据《税务处理决定书》(常税稽一处〔2026〕35号)应追缴你单位增值税56664.36元、城市维护建设税3966.51元、教育费附加1699.93元、地方教育附加1133.29元; 根据《税务行政处罚决定书》(常税稽一罚〔2026〕14号)应对你单位处罚款20000元。,,2026-02-13,,2026-07-26,2026-08-26,完整文书,税务机关官网,已核验,https://jiangsu.chinatax.gov.cn/art/2026/2/13/art_9280_1708266.html,,,国家税务总局江苏省税务局网站 通知公告 国家税务总局常州市税务局第一稽查局关于送达常州市三鹏机械有限公司《税务处理决定书》和《税务行政处罚决定书》的公告,正常,Excel 与 CSV 历史数据已合并核对。
92,CASE-4ae87644334697ee,DOC-bb4f7abf3229ef95,广东省,揭阳市,,国家税务总局揭阳市税务局第一稽查局,国家税务总局揭阳市税务局第一稽查局,广东润升药械有限公司,,,税务处理决定书,揭税一稽处〔2026〕3号,揭税一稽处〔2026〕3号,,,,,,,,,,2026-01-26,,2026-08-20,2026-08-26,仅公告送达/仅文号线索,税务机关官网,已核验,https://guangdong.chinatax.gov.cn/gdsw/jysw_tzgg/2026-01/26/content_f7c655179cc7456abbd4390f37d49384.shtml,,,广东润升药械有限公司税务文书送达公告(揭税一稽公〔2026〕6号),正常,"Excel 与 CSV 历史数据已合并核对。 字段“城市”存在冲突:保留原值“揭阳市”,新值“返回市”未静默覆盖。"
115,CASE-55a6de3243ad7d4c,DOC-364befd1052566a8,浙江省,嘉兴市,,国家税务总局嘉兴市税务局第一稽查局,国家税务总局嘉兴市税务局第一稽查局,浙江鑫牛食品有限公司,91330421062048093A,,税务处理决定书,嘉税一稽处〔2026〕10号,嘉税一稽处〔2026〕10号,嘉税一稽罚〔2026〕11号,"我局于2025年6月23日至2025年9月9日对你单位(地址:浙江省嘉兴市嘉善县魏塘街道南星路65弄89号三楼302室)2024年1月1日至2024年12月31日纳税情况进行了检查,你单位存在违法事实及处罚决定如下: 经检查,查明你单位存在下述违法事实: 违法事实一:经查,2024年期间,你单位股东向你单位净借款合计8545846.41元,该笔借款在纳税年度终了后既未归还,又未用于企业生产经营。 违法事实二:你单位无偿借款给股东13296707.88元,但你单位未按金融服务视同销售申报利息收入,按照2024年贷款市场报价利率计算,利息收入金额应为41630.78元。 违法事实一:根据上述违法事实和证据,你单位少代扣代缴利息、股息、红利所得”个人所得税1709169.28元。 违法事实二:根据上述违法事实和证据,你单位少缴增值税2497.84元,少缴城市维护建设税62.45元。 根据《中华人民共和国税收征收管理法》第六十三条第一款,《财政部 国家税务总局关于全面推开营业税改征增值税试点的通知》附件1《营业税改征增值税试点实施办法》第十四条第一款、第四十四条的规定,个人投资者从其投资企业无偿借款,应视同公司无偿提供贷款服务,上述违法行为已构成偷税。 违法事实一:根据《中华人民共和国税收征收管理法》第六十九条规定,我局决定对你单位少代扣代缴个人所得税款1709169.28元处以两倍的罚款计3418338.56元。 违法事实二:根据《中华人民共和国税收征收管理法》第六十三条第一款规定,我局决定对你单位所偷税款2560.29元处以百分之五十的罚款计1280.15元。",增值税、个人所得税、城市维护建设税,,,,,"到期不缴纳罚款,我局可依照《中华人民共和国行政处罚法》第七十二条第一款第(一)项规定,每日按罚款数额的百分之三加处罚款。",,2026-01-23,,2026-08-24,2026-08-26,完整文书,税务机关官网,已核验,https://zhejiang.chinatax.gov.cn/art/2026/1/23/art_8938_648732.html,https://zhejiang.chinatax.gov.cn/module/download/downfile.jsp?classid=0&filename=529879e0db5349b58f93083ddca1dd86.doc,,国家税务总局浙江省税务局 通知公告 国家税务总局嘉兴市税务局第一稽查局关于送达《税务处理决定书》、《税务行政处罚决定书》、《纳税信用修复告知书》的公告(嘉税一稽公告(2026)2号),附件正常,Excel 与 CSV 历史数据已合并核对。
84,CASE-55a6de3243ad7d4c,DOC-316338f630372c72,浙江省,嘉兴市,,国家税务总局嘉兴市税务局第一稽查局,国家税务总局嘉兴市税务局第一稽查局,浙江鑫牛食品有限公司,91330421062048093A,,税务行政处罚决定书,嘉税一稽罚〔2026〕11号,嘉税一稽处〔2026〕10号,嘉税一稽罚〔2026〕11号,"我局于2025年6月23日至2025年9月9日对你单位(地址:浙江省嘉兴市嘉善县魏塘街道南星路65弄89号三楼302室)2024年1月1日至2024年12月31日纳税情况进行了检查,你单位存在违法事实及处罚决定如下: 经检查,查明你单位存在下述违法事实: 违法事实一:经查,2024年期间,你单位股东向你单位净借款合计8545846.41元,该笔借款在纳税年度终了后既未归还,又未用于企业生产经营。 违法事实二:你单位无偿借款给股东13296707.88元,但你单位未按金融服务视同销售申报利息收入,按照2024年贷款市场报价利率计算,利息收入金额应为41630.78元。 违法事实一:根据上述违法事实和证据,你单位少代扣代缴利息、股息、红利所得”个人所得税1709169.28元。 违法事实二:根据上述违法事实和证据,你单位少缴增值税2497.84元,少缴城市维护建设税62.45元。 根据《中华人民共和国税收征收管理法》第六十三条第一款,《财政部 国家税务总局关于全面推开营业税改征增值税试点的通知》附件1《营业税改征增值税试点实施办法》第十四条第一款、第四十四条的规定,个人投资者从其投资企业无偿借款,应视同公司无偿提供贷款服务,上述违法行为已构成偷税。 违法事实一:根据《中华人民共和国税收征收管理法》第六十九条规定,我局决定对你单位少代扣代缴个人所得税款1709169.28元处以两倍的罚款计3418338.56元。 违法事实二:根据《中华人民共和国税收征收管理法》第六十三条第一款规定,我局决定对你单位所偷税款2560.29元处以百分之五十的罚款计1280.15元。",增值税、个人所得税、城市维护建设税,,,3418338.56,,"到期不缴纳罚款,我局可依照《中华人民共和国行政处罚法》第七十二条第一款第(一)项规定,每日按罚款数额的百分之三加处罚款。",2026-01-13,2026-01-23,,2026-08-20,2026-08-26,完整文书,税务机关官网,已核验,https://zhejiang.chinatax.gov.cn/art/2026/1/23/art_8938_648732.html,https://zhejiang.chinatax.gov.cn/module/download/downfile.jsp?classid=0&filename=b9fd478b49534c8fba0d421cfe4d06cd.docx,,国家税务总局浙江省税务局 通知公告 国家税务总局嘉兴市税务局第一稽查局关于送达《税务处理决定书》、《税务行政处罚决定书》、《纳税信用修复告知书》的公告(嘉税一稽公告(2026)2号),附件正常,"Excel 与 CSV 历史数据已合并核对。 字段“决定书作出日期”存在冲突:保留原值“2026-01-13”,新值“2025-09-09”未静默覆盖。 字段“附件链接”存在冲突:保留原值“https://zhejiang.chinatax.gov.cn/module/download/downfile.jsp?classid=0&filename=b9fd478b49534c8fba0d421cfe4d06cd.docx”,新值“https://zhejiang.chinatax.gov.cn/module/download/downfile.jsp?classid=0&filename=6871faa287fb4b60bcfb96e15e9d3576.docx”未静默覆盖。"
23,CASE-f78ec1a594442165,DOC-fbbe4a664b14f54b,贵州省,安顺市,,国家税务总局安顺市税务局,国家税务总局安顺市税务局稽查局,贵州华泰宁安工程建筑设计有限责任公司,91520423MA6DLH799Q,,税务处理决定书,安市税稽处〔2026〕1号,安市税稽处〔2026〕1号,安市税稽罚〔2026〕1号,"我局于2022年5月9日至2025年8月29日对你单位(地址:贵州省安顺市镇宁布依族苗族自治县城关镇城西村五组)2019年1月1日至2022年3月31日涉税情况进行了检查,违法事实及处理决定如下: 2022年6月,安顺市税务局稽查局将你单位上述虚开发票的线索移送给镇宁布依族苗族自治县公安局经济犯罪侦查大队,经公安机关对王*立案及检察院起诉后,2024年12月30日镇宁布依族苗族自治县人民法院作出王*犯虚开增值税发票罪的刑事判决,《刑事判决书》((2024)黔0423刑初198号)确认上述贵州宏翼翔汽车销售服务有限公司开具给你单位的6份增值税专用发票(金额460,177.02元,税额59,822.98元)、安顺润亨化工贸易有限公司开具给你单位的91份增值税专用发票(金额8,325,968.72元,税额1,047,999.48元)为虚开发票,判决王*犯虚开增值税专用发票罪,并处罚金人民币5万元。 经查,上述业务款项是贵州安顺家喻物业管理有限公司直接付款给罗*,罗*为了向贵州安顺家喻物业管理有限公司提供发票,通过支付手续费的方式找王*为其提供发票,王*指使贵州理得清财务有限公司员工彭*毕通过微信收取罗*手续费2,129.00元,后彭*毕又将该笔资金转到了贵州理得清财务有限公司微信账号。 根据《中华人民共和国发票管理办法》第二十一条第二款“任何单位和个人不得有下列虚开发票行为:(一)为他人、为自己开具与实际经营业务情况不符的发票; ”、《国家税务总局关于纳税人虚开增值税专用发票征补税款问题的公告》(国家税务总局公告2012年第33号)“......纳税人取得虚开的增值税专用发票,不得作为增值税合法有效的扣税凭证抵扣其进项税额。",增值税、企业所得税、消费税、城市维护建设税、房产税、城镇土地使用税、印花税、资源税、教育费附加、地方教育附加,64884.41,,,,"你单位应就少缴的增值税696,485.49元补缴城市维护建设税34,824.28元; ”之规定,你单位应就少缴的增值税696,485.49元补缴教育费附加20,894.56元,应补缴地方教育附加13,929.71元。 ”之规定,你单位应补缴印花税312.70元。 ”之规定,本次稽查你单位2020年应补缴的城市维护建设税20,172.19元、教育费附加12,103.32元、地方教育附加8,068.88元、印花税95.20元准予在企业所得税前扣除,应调减2020年企业所得税应纳税所得额40,439.59元; 2021年应补缴的城市维护建设税24,475.99元、教育费附加14,685.58元、地方教育附加9,790.39元、印花税217.50元准予在企业所得税前扣除,应调减2021年企业所得税应纳税所得额49,169.46元。 你单位2020年至2021年共计应补缴企业所得税64,884.41元。 ”、第五十二条“因税务机关的责任,致使纳税人、扣缴义务人未缴或者少缴税款的,税务机关在三年内可以要求纳税人、扣缴义务人补缴税款,但是不得加收滞纳金。 ”、《中华人民共和国税收征收管理法实施细则》(国务院令第362号)第七十五条“税收征管法第三十二条规定的加收滞纳金的起止时间,为法律、行政法规规定或者税务机关依照法律、行政法规的规定确定的税款缴纳期限届满次日起至纳税人、扣缴义务人实际缴纳或者解缴税款之日止”之规定,我局决定追缴你单位少缴的增值税696,485.49元、城市维护建设税50,019.66元、印花税312.70元、企业所得税64,884.41元。 逾期仍不补缴的,对单位处以1000元以上3万元以下罚款,对个人处以100元以上1000元以下的罚款”之规定,现责令你单位缴纳少缴的教育费附加30,011.79元、地方教育附加20,007.86元,并对少缴的教育费附加、地方教育附加从滞纳之日起至实际缴纳之日止,按日加收万分之五的滞纳金。",2025-08-29,2026-01-21,,2026-07-26,2026-08-26,完整文书,税务机关官网,已核验,https://guizhou.chinatax.gov.cn/sjpd/ass/tzgg_59745/202601/t20260121_89320381.html,https://guizhou.chinatax.gov.cn/sjpd/ass/tzgg_59745/202601/P020260121598636255688.docx,,国家税务总局安顺市税务局稽查局关于送达《税务处理决定书》《税务行政处罚决定书》的公告,附件正常,"Excel 与 CSV 历史数据已合并核对。 字段“追缴税款金额”存在冲突:保留原值“64884.41”,新值“1521925.53”未静默覆盖。 字段“处理或处罚结果”历史冲突已由官方附件复核,保留当前值。 字段“主要违法事实”已根据官方附件重新解析。"
24,CASE-f78ec1a594442165,DOC-9a828a6048b54b6c,贵州省,安顺市,,国家税务总局安顺市税务局,国家税务总局安顺市税务局稽查局,贵州华泰宁安工程建筑设计有限责任公司,91520423MA6DLH799Q,,税务行政处罚决定书,安市税稽罚〔2026〕1号,安市税稽处〔2026〕1号,安市税稽罚〔2026〕1号,"我局于2022年5月9日至2025年8月29日对你单位(地址:贵州省安顺市镇宁布依族苗族自治县城关镇城西村五组)2019年1月1日至2022年3月31日涉税情况进行了检查,你单位存在违法事实及处罚决定如下: 2022年6月,安顺市税务局稽查局将你单位上述虚开发票的线索移送给镇宁布依族苗族自治县公安局经济犯罪侦查大队,经公安机关对王*立案及检察院起诉后,2024年12月30日镇宁布依族苗族自治县人民法院作出王*犯虚开增值税发票罪的刑事判决,《刑事判决书》((2024)黔0423刑初198号)确认上述贵州宏翼翔汽车销售服务有限公司开具给你单位的6份增值税专用发票(金额460,177.02元,税额59,822.98元)、安顺润亨化工贸易有限公司开具给你单位的91份增值税专用发票(金额8,325,968.72元,税额1,047,999.48元)为虚开发票,判决王*犯虚开增值税专用发票罪,并处罚金人民币5万元。 经查,上述业务款项是贵州安顺家喻物业管理有限公司直接付款给罗*,罗*为了向贵州安顺家喻物业管理有限公司提供发票,通过支付手续费的方式找王*为其提供发票,王*指使贵州理得清财务有限公司员工彭*毕通过微信收取罗*手续费2,129.00元,后彭*毕又将该笔资金转到了贵州理得清财务有限公司微信账号。 根据《中华人民共和国发票管理办法》第二十一条第二款“任何单位和个人不得有下列虚开发票行为:(一)为他人、为自己开具与实际经营业务情况不符的发票; ”、《国家税务总局关于纳税人虚开增值税专用发票征补税款问题的公告》(国家税务总局公告2012年第33号)“......纳税人取得虚开的增值税专用发票,不得作为增值税合法有效的扣税凭证抵扣其进项税额。",增值税、企业所得税、消费税、城市维护建设税、房产税、城镇土地使用税、印花税、资源税、教育费附加、地方教育附加,,,200000,,"你单位应就少缴的增值税696,485.49元补缴城市维护建设税34,824.28元; 综上,应追缴你单位2020年至2022年少缴的城市维护建设税50,019.66元。 ”之规定,本次稽查你单位2020年应补缴的城市维护建设税20,172.19元、教育费附加12,103.32元、地方教育附加8,068.88元、印花税95.20元准予在企业所得税前扣除,应调减2020年企业所得税应纳税所得额40,439.59元; 2021年应补缴的城市维护建设税24,475.99元、教育费附加14,685.58元、地方教育附加9,790.39元、印花税217.50元准予在企业所得税前扣除,应调减2021年企业所得税应纳税所得额49,169.46元。 你单位2020年至2021年共应补缴企业所得税64,884.41元。 ”、《中华人民共和国发票管理办法》第三十五条第一款“违反本办法的规定虚开发票的,由税务机关没收违法所得; 对你单位取得安顺润亨化工贸易有限公司2021年12月虚开28份增值税专用发票以及2019年6月向贵州安顺家喻物业管理有限公司虚开1份增值税专用发票的行为,决定处以罚款200,000.00元。 综上,对你单位决定处以罚款200,000.00元。 到期不缴纳罚款,我局可依照《中华人民共和国行政处罚法》第七十二条第一款第(一)项规定,每日按罚款数额的百分之三加处罚款。",2025-08-29,2026-01-21,,2026-07-26,2026-08-26,完整文书,税务机关官网,已核验,https://guizhou.chinatax.gov.cn/sjpd/ass/tzgg_59745/202601/t20260121_89320381.html,https://guizhou.chinatax.gov.cn/sjpd/ass/tzgg_59745/202601/P020260121598636222410.docx,,国家税务总局安顺市税务局稽查局关于送达《税务处理决定书》《税务行政处罚决定书》的公告,附件正常,Excel 与 CSV 历史数据已合并核对。 字段“处理或处罚结果”已根据官方附件重新解析。
101,CASE-cbe0568f57d71cf7,DOC-a8b21140da417008,江苏省,徐州市,,国家税务总局江苏省税务局,国家税务总局徐州市税务局稽查局,徐州市乐居商贸有限公司,91320382576668185R,,税务处理决定书,徐税稽处〔2025〕124号,徐税稽处〔2025〕124号,徐税稽罚〔2025〕63号,"我局于2024年9月26日至2025年9月12日对你单位(地址:邳州市东湖街道盛鑫商务中心楼1单元103铺)2020年1月1日至2023年12月31日涉税情况进行了检查,违法事实及处理决定如下: 你单位少缴的增值税税款应按规定申报缴纳城市维护建设税、教育费附加及地方教育附加。 1.根据《中华人民共和国增值税暂行条例》第一条、第十一条、第十二条、第十九条、《财政部 税务总局关于支持个体工商户复工复业增值税政策的公告》(财政部 税务总局公告2020年第13号)、《财政部 税务总局关于延续实施应对疫情部分税费优惠政策的公告》(财政部 税务总局公告2021年第7号)第一条、《财政部 税务总局关于对增值税小规模纳税人免征增值税的公告》(财政部 税务总局公告2022年第15号)及《财政部 税务总局关于明确增值税小规模纳税人减免增值税等政策的公告》(财政部 税务总局公告2023年第1号)第二条之规定,追缴你单位少缴的2020年增值税683014.76元、2021年增值税406567.72元、2022年增值税115500.02元、2023年增值税339741.35元,合计追缴增值税1544823.85元。 2.根据《中华人民共和国城市维护建设税暂行条例》第二条、第三条、第四条、《中华人民共和国城市维护建设税法》第一条、第二条第一款、第四条第一款第(一)项、第五条、第七条、《财政部 税务总局关于实施小微企业普惠性税收减免政策的通知》(财税〔2019〕13号)第三条、第六条及《财政部 税务总局关于进一步实施小微企业“六税两费”减免政策的公告》(财政部 税务总局公告2022年第10号)第一条、第四条之规定,追缴你单位少缴的2020年城市维护建设税47811.04元、2021年城市维护建设税28459.74元、2022年城市维护建设税8085元、2023年城市维护建设税23781.89元,合计追缴城市维护建设税108137.67元。",增值税、企业所得税、城市维护建设税、教育费附加、地方教育附加,3089647.7,,,,"你单位2020年少计收入48893898.07元(不含税),经审核计算,2020年1季度应补缴增值税330085.94元,2季度应补缴增值税121142.51元,3季度应补缴增值税127184.72元,4季度应补缴增值税104601.59元,合计2020年应补缴增值税683014.76元。 你单位2021年少计收入40656771.73元(不含税),经审核计算,2021年1季度应补缴增值税101037.42元,2季度应补缴增值税97557.50元,3季度应补缴增值税107173.48元,4季度应补缴增值税100799.32元,合计2021年应补缴增值税406567.72元。 你单位2022年少计收入11550002.29元(不含税),经审核计算,2022年1季度应补缴增值税115500.02元。 你单位2023年少计收入33974135.26元(不含税),经审核计算,2023年1季度应补缴增值税100992.64元,2季度应补缴增值税95313.11元,3季度应补缴增值税132243.55元,4季度应补缴增值税11192.05元,合计2023年应补缴增值税339741.35元。 以上合计应补缴增值税1544823.85元。 你单位应按季度计算补缴2020、2021、2022、2023年城市维护建设税分别为47811.04元、28459.74元、8085元、23781.89元,合计应补缴城市维护建设税108137.67元。 你单位应按季度计算补缴2020、2021、2022、2023年教育费附加分别为20490.45元、12197.03元、3465元、10192.24元,合计应补缴教育费附加46344.72元。",2025-09-12,2026-01-13,,2026-08-20,2026-08-26,完整文书,税务机关官网,已核验,https://jiangsu.chinatax.gov.cn/art/2026/1/13/art_9223_1696446.html,https://jiangsu.chinatax.gov.cn/module/download/downfile.jsp?classid=0&filename=27e6f48da7974ce9aa592f23fd7e5c14.docx,,国家税务总局江苏省税务局网站 通知公告 国家税务总局徐州市税务局稽查局关于送达徐州市乐居商贸有限公司税务处理决定书和税务行政处罚决定书的公告,附件正常,Excel 与 CSV 历史数据已合并核对。
102,CASE-cbe0568f57d71cf7,DOC-91cd2a54cfef9b64,江苏省,徐州市,,国家税务总局江苏省税务局,国家税务总局徐州市税务局稽查局,徐州市乐居商贸有限公司,91320382576668185R,,税务行政处罚决定书,徐税稽罚〔2025〕63号,徐税稽处〔2025〕124号,徐税稽罚〔2025〕63号,"我局于2024年09月26日至2025年11月12日对你单位(地址:邳州市东湖街道盛鑫商务中心楼1单元103铺)2020年01月01日至2023年12月31日涉税情况进行检查,你单位存在违法事实及处罚决定如下: 你单位少缴的增值税税款应按规定申报缴纳城市维护建设税。 根据《中华人民共和国税收征收管理法》第六十三条第一款、《国家税务总局关于发布<税务行政处罚裁量权行使规则>的公告》(国家税务总局公告2016年第78号)、《国家税务总局江苏省税务局关于发布<江苏省税务行政处罚裁量权实施办法>的公告》(国家税务总局江苏省税务局公告2018年第11号)第十六条及《国家税务总局上海市税务局江苏省税务局浙江省税务局安徽省税务局宁波市税务局关于发布<长江三角洲区域登记账证征收检查类税务违法行为行政处罚裁量基准>的公告》(国家税务总局上海市税务局江苏省税务局浙江省税务局安徽省税务局宁波市税务局公告2022年第5号)之规定,决定对你单位2020-2023年少缴的增值税1544823.85元处少缴税款50%的罚款合计772411.95元,少缴的城市维护建设税108137.67元处少缴税款50%的罚款合计54068.86元,少缴的企业所得税369658.84元处少缴税款50%的罚款合计184829.44元。",增值税、企业所得税、城市维护建设税,,,772411.95,,"你单位2020年少计收入48893898.07元(不含税),经审核计算,2020年1季度应补缴增值税330085.94元,2季度应补缴增值税121142.51元,3季度应补缴增值税127184.72元,4季度应补缴增值税104601.59元,合计2020年应补缴增值税683014.76元。 你单位2021年少计收入40656771.73元(不含税),经审核计算,2021年1季度应补缴增值税101037.42元,2季度应补缴增值税97557.50元,3季度应补缴增值税107173.48元,4季度应补缴增值税100799.32元,合计2021年应补缴增值税406567.72元。 你单位2022年少计收入11550002.29元(不含税),经审核计算,2022年1季度应补缴增值税115500.02元。 你单位2023年少计收入33974135.26元(不含税),经审核计算,2023年1季度应补缴增值税100992.64元,2季度应补缴增值税95313.11元,3季度应补缴增值税132243.55元,4季度应补缴增值税11192.05元,合计2023年应补缴增值税339741.35元。 以上合计应补缴增值税1544823.85元。 你单位应按季度计算补缴2020、2021、2022、2023年城市维护建设税分别为47811.04元、28459.74元、8085元、23781.89元,合计应补缴城市维护建设税108137.67元。 2020年应税收入额48893898.07元,核定2020年度应纳税所得额为1955755.92元,应补缴企业所得税145575.59元; 2021年应税收入额40656771.73元,核定2021年度应纳税所得额为1626270.87元,应补缴企业所得税87627.09元;",2025-11-12,2026-01-13,,2026-08-20,2026-08-26,完整文书,税务机关官网,已核验,https://jiangsu.chinatax.gov.cn/art/2026/1/13/art_9223_1696446.html,https://jiangsu.chinatax.gov.cn/module/download/downfile.jsp?classid=0&filename=879e53c391534e3d8ea5ae91aa196ebf.docx,,国家税务总局江苏省税务局网站 通知公告 国家税务总局徐州市税务局稽查局关于送达徐州市乐居商贸有限公司税务处理决定书和税务行政处罚决定书的公告,附件正常,Excel 与 CSV 历史数据已合并核对。
20,CASE-fe959d4c6c52d910,DOC-f2643f2a0719d8d1,广西壮族自治区,南宁市,,国家税务总局南宁市税务局第一稽查局,国家税务总局南宁市税务局第一稽查局,南宁洪谦金贸易有限公司,91450103MA5K9WHY7U,,税务处理决定书,南市税一稽处〔2026〕2号,南市税一稽处〔2026〕2号,,"经我局2025年10月29日至2025年12月8日对你公司(地址:南宁市青秀区云景路11号春晖花园C区3栋2单元1606号)2015年12月2日至2016年12月31日期间的涉税情况进行了检查,你(单位)存在以下违法事实: 经查询你公司向税务机关报备的银行账号:广西北部湾银行南宁市财富国际支行800099398800015,经函询广西北部湾银行南宁市财富国际支行,存在以下问题: 上述行为属于开具与实际经营业务情况不符的增值税发票,违反了《中华人民共和国发票管理办法》(财政部令第6号发布,国务院令第587号修改)第二十二条第一款、第二款第(一)项的规定,属于虚开发票行为。",增值税,,,,,,,2026-01-09,,2026-07-26,2026-08-26,完整文书,税务机关官网,已核验,https://guangxi.chinatax.gov.cn/nanning/xxgk/swjcgg/202601/t20260113_427821.html,https://guangxi.chinatax.gov.cn/nanning/xxgk/swjcgg/202601/P020260116568243111221.doc,,国家税务总局南宁市税务局第一稽查局税务文书送达公告_国家税务总局南宁市税务局,附件正常,Excel 与 CSV 历史数据已合并核对。
111,CASE-55b061008af48dba,DOC-e2ddf1bdd7c9d7dd,江苏省,无锡市,,国家税务总局江苏省税务局,国家税务总局无锡市税务局稽查局,无锡宝双贸易有限公司,,,税务处理决定书,锡税稽处〔2025〕173号,锡税稽处〔2025〕173号,,"你单位取得上海岳齐钢材贸易有限公司开具的11份增值税专用发票为虚开发票,追缴相应的增值税、企业所得税、城市维护建设税、教育费附加和地方教育附加,加收对应滞纳金。",增值税、企业所得税、城市维护建设税、教育费附加、地方教育附加,,,,,,,2026-01-05,,2026-08-24,2026-08-26,完整文书,税务机关官网,已核验,https://jiangsu.chinatax.gov.cn/art/2026/1/5/art_9193_1693552.html,,,国家税务总局江苏省税务局网站 通知公告 国家税务总局无锡市税务局稽查局关于送达税务处理决定书的公告(无锡宝双贸易有限公司),正常,Excel 与 CSV 历史数据已合并核对。
25,CASE-1983d97878508732,DOC-f9760895b4f08cc2,内蒙古自治区,二连浩特市,,国家税务总局二连浩特市税务局,国家税务总局二连浩特市税务局稽查局,二连市坤益腾金属有限公司,,,税务处理决定书,二税稽处〔2025〕1号,二税稽处〔2025〕1号,,"公司院内)涉嫌虚开增值税专用发票的情况进行检查,违法事实 你公司在无真实货物交易的情况下,“让他人为自己”虚开 得有下列虚开发票行为:(一)为他人、为自己开具与实际经营 国人民代表大会常务委员会关于惩治虚开、伪造和非法出售增值 〔1996〕210号)文件:“虚开增值税专用发票的,构成虚开增 值税专用发票罪,具有下列行为之一的,属于虚开增值税专用发 定,你公司上述违法事实中,“让他人为自己”虚开增值税专用 “为他人”虚开增值税专用发票97 份,金额 87,923,181.86 元, 二条第二款的规定虚开发票的,由税务机关没收违法所得; 虚开增值税专用发票行为暂不进行行政处罚,在司法部门作出决 十二条第二款的规定虚开发票的,由税务机关没收违法所得; 依法查处违法行为过程中,发现违法事实涉及的金额、违法事实 的情节、违法事实造成的后果等,根据刑法关于破坏社会主义市 定(二)》(公通字〔2022〕12 号)第五十六条:“〔虚开增值 税专用发票、用于骗取出口退税、抵扣税款发票案(刑法第二百 零五条)〕虚开增值税专用发票或者虚开用于骗取出口退税、抵 扣税款的其他发票,虚开的税款数额在十万元以上或者致使国家 公司虚开增值税专用发票的行为移送公安机关。",增值税,,,,,"二条第二款的规定虚开发票的,由税务机关没收违法所得; 十二条第二款的规定虚开发票的,由税务机关没收违法所得;",,,,2026-07-26,2026-08-26,完整文书,税务机关官网,待核验,https://neimenggu.chinatax.gov.cn/sjpd/elht/xjtzgghhht/202501/W020250110616020148238.pdf,,,税务处理决定书,正常,"页面未提取到可确认的官方发布日期。 字段“官方原文链接”存在冲突:保留原值“http://neimenggu.chinatax.gov.cn/sjpd/elht/xjtzgghhht/202501/W020250110616020148238.pdf”,新值“http://neimenggu.chinatax.gov.cn/sjpd/elht/tzgghhht/202501/W020250110616020148238.pdf”未静默覆盖。 Excel 与 CSV 历史数据已合并核对。 字段“官方原文链接”存在冲突:保留原值“http://neimenggu.chinatax.gov.cn/sjpd/elht/xjtzgghhht/202501/W020250110616020148238.pdf”,新值“https://neimenggu.chinatax.gov.cn/sjpd/elht/tzgghhht/202501/W020250110616020148238.pdf”未静默覆盖。 字段“官方原文链接”存在冲突:保留原值“http://neimenggu.chinatax.gov.cn/sjpd/elht/xjtzgghhht/202501/W020250110616020148238.pdf”,新值“https://neimenggu.chinatax.gov.cn/sjpd/elht/xjtzgghhht/202501/W020250110616020148238.pdf”未静默覆盖。 字段“官方原文链接”存在冲突:保留原值“https://neimenggu.chinatax.gov.cn/sjpd/elht/xjtzgghhht/202501/W020250110616020148238.pdf”,新值“https://neimenggu.chinatax.gov.cn/sjpd/elht/tzgghhht/202501/W020250110616020148238.pdf”未静默覆盖。 字段“页面标题”存在冲突:保留原值“税务处理决定书”,新值“Á®éŚä°Ś§ĄÁźÜŚÜ≥ŚģöšĻ¶”未静默覆盖。"
26,CASE-d4b6986f3f97cd28,DOC-442cf3d9a5280c12,内蒙古自治区,鄂尔多斯市,,,第二稽查局,廖礼平,,,税务处理决定书,鄂税二稽处〔2023〕29号,鄂税二稽处〔2023〕29号,,"利煤炭有限责任公司股权涉税问题开展了检查,违法事实及处理",个人所得税、印花税,15072487.5,1046925,,,"以上共计应补缴个人所得税14,997,500.00元。 以上共计应补缴印花税74,987.50元。 规定,对应补缴个人所得税14,997,500.00元加收从2011年4月1",,,,2026-07-26,2026-08-26,完整文书,税务机关官网,待核验,https://neimenggu.chinatax.gov.cn/sjpd/eeds/xjtzgghhht/202311/P020231101635149652485.pdf,,,税务处理决定书,正常,"页面未提取到可确认的官方发布日期。 Excel 与 CSV 历史数据已合并核对。 字段“官方原文链接”存在冲突:保留原值“http://neimenggu.chinatax.gov.cn/sjpd/eeds/xjtzgghhht/202311/P020231101635149652485.pdf”,新值“http://neimenggu.chinatax.gov.cn/sjpd/eeds/tzgghhht/202311/P020231101635149652485.pdf”未静默覆盖。 字段“官方原文链接”存在冲突:保留原值“http://neimenggu.chinatax.gov.cn/sjpd/eeds/xjtzgghhht/202311/P020231101635149652485.pdf”,新值“https://neimenggu.chinatax.gov.cn/sjpd/eeds/tzgghhht/202311/P020231101635149652485.pdf”未静默覆盖。 字段“官方原文链接”存在冲突:保留原值“http://neimenggu.chinatax.gov.cn/sjpd/eeds/xjtzgghhht/202311/P020231101635149652485.pdf”,新值“https://neimenggu.chinatax.gov.cn/sjpd/eeds/xjtzgghhht/202311/P020231101635149652485.pdf”未静默覆盖。 字段“官方原文链接”存在冲突:保留原值“https://neimenggu.chinatax.gov.cn/sjpd/eeds/xjtzgghhht/202311/P020231101635149652485.pdf”,新值“https://neimenggu.chinatax.gov.cn/sjpd/eeds/tzgghhht/202311/P020231101635149652485.pdf”未静默覆盖。 字段“页面标题”存在冲突:保留原值“税务处理决定书”,新值“Á®éŚä°Ś§ĄÁźÜŚÜ≥ŚģöšĻ¶”未静默覆盖。"
51,CASE-3996d04fd944424e,DOC-af179599b7f27421,天津市,天津市,,国家税务总局天津市税务局第一稽查局,国家税务总局天津市税务局第一稽查局,信硕(天津)国际货运代理有限公司,91120105MA06WEYU7C,,税务处理决定书,津税一稽处〔2022〕270号,津税一稽处〔2022〕270号,,"我局(所)于2022年6月24日至2022年8月18日对你(单位)(地址:天津市河北区建昌道街道铁工东里增57-1号)2019年12月2日至2022年5月31日纳税情况进行了检查,违法事实及处理决定如下: 经查,你单位无生产经营地点,虚假注册,无社保信息,与上下游企业无银行交易记录,收取上游企业虚开的增值税发票后脱离税务机关监管,经核实,你单位不符合正常企业构成要件,认定为假企业。 你单位在2019年12月02日-2022年5月31日期间,未发生真实货物、劳务交易,对下游13户企业开具增值税普通发票990份,发票代码012001900105,发票号码04884187-04884216,04893407-04893421,04898548,06548576-06548620,06671887-06671896,06807185-06807194,06909763-06909797,07353556-07353600,07359910-07359954,07369273-07369317,07374190-07374214,07379166-07379235,09307219-09307288,09319483-09319552,09327879-09327948,11915880-11915949,11925651-11925720,11937167-11937236,11941265-11941334,11945987-11946000,11948001-11948056,发票代码012001900104,发票号码24048210-24048219,虚开增值税普通发票不含税金额73000214.83元,税额0元,价税合计73000214.83元。",增值税、消费税,,,,,,,,,2026-08-14,2026-08-26,完整文书,税务机关官网,待核验,https://tianjin.chinatax.gov.cn/11200000000/0100/010014/p20220906171211644.shtml,,,国家税务总局天津市税务局第一稽查局关于送达信硕(天津)国际货运代理有限公司《税务处理决定书》的公告,正常,"页面未提取到可确认的官方发布日期。 Excel 与 CSV 历史数据已合并核对。 字段“涉及税种”存在冲突:保留原值“增值税、消费税”,新值“增值税”未静默覆盖。"
27,CASE-7e3d4a321440d6a7,DOC-bed9330343ed06af,天津市,天津市,,国家税务总局天津市税务局第一稽查局,国家税务总局天津市税务局第一稽查局,天津展达科技有限公司,91120116300738701X,,税务处理决定书,津税一稽处〔2023〕59号,津税一稽处〔2023〕59号,津税一稽罚〔2023〕21号,"我局(所)于2020年8月7日至2022年11月30日对你(单位)(地址:天津华苑产业区榕苑路15号1-B-1709)2016年1月1日至2017年12月31日纳税情况进行了检查,违法事实及处理决定如下: 经查,你单位取得天津盛汇康机械制品销售有限公司已证实虚开的10份增值税专用发票,发票代码1200154130,发票号码02675003-02675012,发票金额970,696.88元,税额159,933.52元,价税合计1,130,630.4元; 取得天津明珠电子器件有限公司已证实虚开的15份增值税专用发票,发票代码1200162130,发票号码15241705-15241719,发票金额1,438,034.13元,税额244,465.87元,价税合计1,682,500元。 根据《中华人民共和国增值税暂行条例》第九条、《中华人民共和国增值税暂行条例实施细则》第十九条、《国家税务总局关于纳税人虚开增值税专用发票征补税款问题的公告》(2012年第33号)中“纳税人取得虚开的增值税专用发票,不得作为增值税合法有效的扣税凭证抵扣其进项税额”之规定,决定追缴2016年8月增值税159,933.52元,2017年1月增值税244,465.87元。 经我局(所)于2022年02月14 日至2023年03月09日对你(单位)(地址:天津华苑产业区榕苑路15号1-B-1709 )2016年01月01 日至2017年12月31 日纳税情况进行检查,你(单位)存在违法事实及处罚决定如下: 你单位取得天津明珠电子器件有限公司已证实虚开的15份增值税专用发票,发票代码1200162130,发票号码15241705-15241719,发票金额1,438,034.13元,税额244,465.87元,价税合计1,682,500元,你单位利用他人虚开的专用发票,向税务机关申报抵扣税款进行偷税,少缴增值税244,465.87元、少缴城市维护建设税17,112.61元、少缴企业所得税262,737.00。",增值税、企业所得税、消费税、城市维护建设税、教育费附加、地方教育附加,920146.94,,,,"根据《中华人民共和国增值税暂行条例》第九条、《中华人民共和国增值税暂行条例实施细则》第十九条、《国家税务总局关于纳税人虚开增值税专用发票征补税款问题的公告》(2012年第33号)中“纳税人取得虚开的增值税专用发票,不得作为增值税合法有效的扣税凭证抵扣其进项税额”之规定,决定追缴2016年8月增值税159,933.52元,2017年1月增值税244,465.87元。 到期不缴纳罚款,我局(所)可依照《中华人民共和国行政处罚法》第七十二条第一款第(一)项规定,每日按罚款数额的百分之三加处罚款。",,,,2026-07-27,2026-08-26,完整文书,税务机关官网,待核验,https://tianjin.chinatax.gov.cn/11200000000/0100/010014/p20230419103835277.shtml,,,国家税务总局天津市税务局第一稽查局关于送达天津展达科技有限公司《税务处理决定书》《税务行政处罚决定书》的公告,正常,"页面未提取到可确认的官方发布日期。 Excel 与 CSV 历史数据已合并核对。 字段“涉及税种”存在冲突:保留原值“增值税、企业所得税、消费税、城市维护建设税、教育费附加、地方教育附加”,新值“增值税、企业所得税、城市维护建设税、教育费附加、地方教育附加”未静默覆盖。"
28,CASE-7e3d4a321440d6a7,DOC-388bd01c01bbb789,天津市,天津市,,国家税务总局天津市税务局第一稽查局,国家税务总局天津市税务局第一稽查局,天津展达科技有限公司,91120116300738701X,,税务行政处罚决定书,津税一稽罚〔2023〕21号,津税一稽处〔2023〕59号,津税一稽罚〔2023〕21号,"我局(所)于2020年8月7日至2022年11月30日对你(单位)(地址:天津华苑产业区榕苑路15号1-B-1709)2016年1月1日至2017年12月31日纳税情况进行了检查,违法事实及处理决定如下: 经查,你单位取得天津盛汇康机械制品销售有限公司已证实虚开的10份增值税专用发票,发票代码1200154130,发票号码02675003-02675012,发票金额970,696.88元,税额159,933.52元,价税合计1,130,630.4元; 取得天津明珠电子器件有限公司已证实虚开的15份增值税专用发票,发票代码1200162130,发票号码15241705-15241719,发票金额1,438,034.13元,税额244,465.87元,价税合计1,682,500元。 根据《中华人民共和国增值税暂行条例》第九条、《中华人民共和国增值税暂行条例实施细则》第十九条、《国家税务总局关于纳税人虚开增值税专用发票征补税款问题的公告》(2012年第33号)中“纳税人取得虚开的增值税专用发票,不得作为增值税合法有效的扣税凭证抵扣其进项税额”之规定,决定追缴2016年8月增值税159,933.52元,2017年1月增值税244,465.87元。 经我局(所)于2022年02月14 日至2023年03月09日对你(单位)(地址:天津华苑产业区榕苑路15号1-B-1709 )2016年01月01 日至2017年12月31 日纳税情况进行检查,你(单位)存在违法事实及处罚决定如下: 你单位取得天津明珠电子器件有限公司已证实虚开的15份增值税专用发票,发票代码1200162130,发票号码15241705-15241719,发票金额1,438,034.13元,税额244,465.87元,价税合计1,682,500元,你单位利用他人虚开的专用发票,向税务机关申报抵扣税款进行偷税,少缴增值税244,465.87元、少缴城市维护建设税17,112.61元、少缴企业所得税262,737.00。",增值税、企业所得税、消费税、城市维护建设税、教育费附加、地方教育附加,,,131368.5,,"根据《中华人民共和国增值税暂行条例》第九条、《中华人民共和国增值税暂行条例实施细则》第十九条、《国家税务总局关于纳税人虚开增值税专用发票征补税款问题的公告》(2012年第33号)中“纳税人取得虚开的增值税专用发票,不得作为增值税合法有效的扣税凭证抵扣其进项税额”之规定,决定追缴2016年8月增值税159,933.52元,2017年1月增值税244,465.87元。 到期不缴纳罚款,我局(所)可依照《中华人民共和国行政处罚法》第七十二条第一款第(一)项规定,每日按罚款数额的百分之三加处罚款。",,,,2026-07-27,2026-08-26,完整文书,税务机关官网,待核验,https://tianjin.chinatax.gov.cn/11200000000/0100/010014/p20230419103835277.shtml,,,国家税务总局天津市税务局第一稽查局关于送达天津展达科技有限公司《税务处理决定书》《税务行政处罚决定书》的公告,正常,"页面未提取到可确认的官方发布日期。 Excel 与 CSV 历史数据已合并核对。 字段“涉及税种”存在冲突:保留原值“增值税、企业所得税、消费税、城市维护建设税、教育费附加、地方教育附加”,新值“增值税、企业所得税、城市维护建设税、教育费附加、地方教育附加”未静默覆盖。"
